order_id,customer_id,order_date,product,quantity,unit_price,discount_pct,revenue,unit_cost
1,1,2026-06-28,Red Light Face Mask,1,249.0,0.0,249.0,75.0
2,2,2026-01-10,Hair Growth System (Device),1,495.0,0.0,495.0,140.0
3,2,2026-03-05,Scalp Serum,2,59.0,0.0,118.0,14.0
4,3,2026-04-11,Hair Growth System (Device),1,495.0,0.0,495.0,140.0
5,3,2026-05-06,Scalp Serum,1,59.0,0.0,59.0,14.0
6,4,2026-07-03,Scalp Serum,1,59.0,0.15,50.15,14.0
7,5,2026-03-28,Hair Growth System (Device),1,495.0,0.1,445.5,140.0
8,6,2026-05-01,Hair Growth System (Device),1,495.0,0.0,495.0,140.0
9,7,2026-05-19,Hair Growth System (Device),1,495.0,0.0,495.0,140.0
10,8,2026-06-24,Hair Growth System (Device),1,495.0,0.0,495.0,140.0
11,9,2026-06-14,Scalp Serum,1,59.0,0.1,53.1,14.0
12,10,2026-05-29,Replacement Cap Pads,1,39.0,0.0,39.0,9.0
13,11,2026-06-18,Red Light Face Mask,1,249.0,0.0,249.0,75.0
14,12,2026-07-20,Hair Growth System (Device),1,495.0,0.1,445.5,140.0
15,13,2026-06-05,Red Light Face Mask,1,249.0,0.0,249.0,75.0
16,14,2026-07-29,Hair Growth System (Device),1,495.0,0.0,495.0,140.0
17,15,2026-06-25,Red Light Face Mask,1,249.0,0.0,249.0,75.0
18,16,2026-07-30,Hair Growth System (Device),1,495.0,0.0,495.0,140.0
19,17,2026-05-11,Hair Growth System (Device),1,495.0,0.0,495.0,140.0
20,18,2026-06-26,Hair Growth System (Device),1,495.0,0.0,495.0,140.0
21,19,2026-05-13,Hair Growth System (Device),1,495.0,0.0,495.0,140.0
22,20,2026-07-06,Hair Growth System (Device),1,495.0,0.15,420.75,140.0
23,21,2026-07-02,Replacement Cap Pads,1,39.0,0.2,31.2,9.0
24,22,2026-07-05,Red Light Face Mask,1,249.0,0.1,224.1,75.0
25,23,2026-04-09,Scalp Serum,1,59.0,0.1,53.1,14.0
26,24,2026-07-03,Scalp Serum,1,59.0,0.0,59.0,14.0
27,25,2026-03-20,Hair Growth System (Device),1,495.0,0.0,495.0,140.0
28,25,2026-04-15,Scalp Serum,1,59.0,0.0,59.0,14.0
29,26,2026-02-11,Red Light Face Mask,1,249.0,0.0,249.0,75.0
30,26,2026-03-01,Replacement Cap Pads,1,39.0,0.0,39.0,9.0
31,26,2026-05-04,Scalp Serum,1,59.0,0.1,53.1,14.0
32,26,2026-07-21,Scalp Serum,1,59.0,0.0,59.0,14.0
33,27,2026-03-18,Hair Growth System (Device),1,495.0,0.2,396.0,140.0
34,27,2026-06-01,Replacement Cap Pads,2,39.0,0.2,62.4,9.0
35,28,2026-05-17,Hair Growth System (Device),1,495.0,0.0,495.0,140.0
36,29,2026-07-17,Replacement Cap Pads,1,39.0,0.0,39.0,9.0
37,30,2026-04-21,Hair Growth System (Device),1,495.0,0.15,420.75,140.0
38,31,2026-07-25,Hair Growth System (Device),1,495.0,0.0,495.0,140.0
39,32,2026-07-16,Replacement Cap Pads,1,39.0,0.0,39.0,9.0
40,33,2026-02-27,Scalp Serum,1,59.0,0.0,59.0,14.0
41,33,2026-03-28,Scalp Serum,1,59.0,0.0,59.0,14.0
42,34,2026-06-23,Red Light Face Mask,1,249.0,0.0,249.0,75.0
43,35,2026-06-07,Scalp Serum,1,59.0,0.0,59.0,14.0
44,35,2026-07-14,Replacement Cap Pads,1,39.0,0.0,39.0,9.0
45,36,2026-04-19,Replacement Cap Pads,1,39.0,0.0,39.0,9.0
46,36,2026-06-09,Scalp Serum,1,59.0,0.0,59.0,14.0
47,37,2026-07-02,Scalp Serum,1,59.0,0.1,53.1,14.0
48,38,2026-06-18,Red Light Face Mask,1,249.0,0.0,249.0,75.0
49,39,2026-05-25,Hair Growth System (Device),1,495.0,0.0,495.0,140.0
50,39,2026-07-03,Red Light Face Mask,1,249.0,0.1,224.1,75.0
51,40,2026-05-01,Hair Growth System (Device),1,495.0,0.0,495.0,140.0
52,41,2026-06-18,Hair Growth System (Device),1,495.0,0.0,495.0,140.0
53,41,2026-07-15,Replacement Cap Pads,1,39.0,0.1,35.1,9.0
54,42,2026-06-20,Red Light Face Mask,1,249.0,0.0,249.0,75.0
55,43,2026-02-10,Red Light Face Mask,1,249.0,0.15,211.65,75.0
56,44,2026-06-04,Hair Growth System (Device),1,495.0,0.0,495.0,140.0
57,45,2026-07-25,Replacement Cap Pads,1,39.0,0.0,39.0,9.0
58,46,2026-06-11,Hair Growth System (Device),1,495.0,0.2,396.0,140.0
59,47,2026-06-20,Hair Growth System (Device),1,495.0,0.0,495.0,140.0
60,48,2026-07-24,Hair Growth System (Device),1,495.0,0.1,445.5,140.0
61,49,2026-04-09,Hair Growth System (Device),1,495.0,0.1,445.5,140.0
62,50,2026-05-08,Scalp Serum,1,59.0,0.0,59.0,14.0
63,51,2026-07-20,Hair Growth System (Device),1,495.0,0.0,495.0,140.0
64,52,2026-04-21,Scalp Serum,1,59.0,0.0,59.0,14.0
65,53,2026-07-11,Scalp Serum,1,59.0,0.0,59.0,14.0
66,54,2026-06-18,Hair Growth System (Device),1,495.0,0.0,495.0,140.0
67,55,2026-05-02,Hair Growth System (Device),1,495.0,0.15,420.75,140.0
68,56,2026-04-06,Hair Growth System (Device),1,495.0,0.0,495.0,140.0
69,57,2026-06-11,Red Light Face Mask,1,249.0,0.0,249.0,75.0
70,57,2026-07-01,Scalp Serum,1,59.0,0.0,59.0,14.0
71,58,2026-07-05,Hair Growth System (Device),1,495.0,0.0,495.0,140.0
72,59,2026-04-22,Hair Growth System (Device),1,495.0,0.15,420.75,140.0
73,60,2026-06-05,Hair Growth System (Device),1,495.0,0.1,445.5,140.0
74,61,2026-07-16,Scalp Serum,1,59.0,0.0,59.0,14.0
75,62,2026-07-07,Hair Growth System (Device),1,495.0,0.1,445.5,140.0
76,63,2026-04-19,Hair Growth System (Device),1,495.0,0.0,495.0,140.0
77,64,2026-03-13,Red Light Face Mask,1,249.0,0.15,211.65,75.0
78,65,2026-05-07,Replacement Cap Pads,1,39.0,0.2,31.2,9.0
79,65,2026-07-10,Scalp Serum,1,59.0,0.15,50.15,14.0
80,66,2026-04-10,Scalp Serum,1,59.0,0.0,59.0,14.0
81,66,2026-07-26,Scalp Serum,1,59.0,0.0,59.0,14.0
82,67,2026-07-21,Hair Growth System (Device),1,495.0,0.0,495.0,140.0
83,68,2026-06-19,Hair Growth System (Device),1,495.0,0.0,495.0,140.0
84,69,2026-07-14,Hair Growth System (Device),1,495.0,0.0,495.0,140.0
85,70,2026-06-28,Hair Growth System (Device),1,495.0,0.0,495.0,140.0
86,70,2026-07-22,Scalp Serum,1,59.0,0.0,59.0,14.0
87,71,2026-04-30,Hair Growth System (Device),1,495.0,0.0,495.0,140.0
88,72,2026-06-16,Hair Growth System (Device),1,495.0,0.0,495.0,140.0
89,73,2026-05-11,Hair Growth System (Device),1,495.0,0.15,420.75,140.0
90,74,2026-05-31,Red Light Face Mask,1,249.0,0.0,249.0,75.0
91,75,2026-03-13,Scalp Serum,1,59.0,0.15,50.15,14.0
92,76,2026-06-06,Red Light Face Mask,1,249.0,0.0,249.0,75.0
93,77,2026-07-18,Hair Growth System (Device),1,495.0,0.0,495.0,140.0
94,78,2026-05-14,Hair Growth System (Device),1,495.0,0.0,495.0,140.0
95,78,2026-06-13,Replacement Cap Pads,1,39.0,0.0,39.0,9.0
96,78,2026-07-07,Scalp Serum,1,59.0,0.0,59.0,14.0
97,79,2026-04-28,Hair Growth System (Device),1,495.0,0.0,495.0,140.0
98,80,2026-06-24,Replacement Cap Pads,1,39.0,0.0,39.0,9.0
99,81,2026-03-03,Hair Growth System (Device),1,495.0,0.0,495.0,140.0
100,81,2026-07-04,Replacement Cap Pads,2,39.0,0.0,78.0,9.0
101,82,2026-05-09,Hair Growth System (Device),1,495.0,0.0,495.0,140.0
102,83,2026-07-26,Hair Growth System (Device),1,495.0,0.0,495.0,140.0
103,84,2026-05-16,Red Light Face Mask,1,249.0,0.0,249.0,75.0
104,85,2026-05-18,Hair Growth System (Device),1,495.0,0.0,495.0,140.0
105,86,2026-04-24,Hair Growth System (Device),1,495.0,0.0,495.0,140.0
106,87,2026-05-31,Hair Growth System (Device),1,495.0,0.1,445.5,140.0
107,88,2026-07-14,Hair Growth System (Device),1,495.0,0.0,495.0,140.0
108,89,2026-03-13,Hair Growth System (Device),1,495.0,0.0,495.0,140.0
109,90,2026-05-19,Scalp Serum,1,59.0,0.0,59.0,14.0
110,90,2026-06-04,Scalp Serum,2,59.0,0.0,118.0,14.0
111,90,2026-07-12,Replacement Cap Pads,1,39.0,0.0,39.0,9.0
112,91,2026-06-16,Scalp Serum,1,59.0,0.1,53.1,14.0
113,91,2026-07-10,Scalp Serum,1,59.0,0.0,59.0,14.0
114,92,2026-06-14,Hair Growth System (Device),1,495.0,0.0,495.0,140.0
115,92,2026-07-24,Scalp Serum,1,59.0,0.0,59.0,14.0
116,93,2026-01-02,Hair Growth System (Device),1,495.0,0.0,495.0,140.0
117,93,2026-03-16,Scalp Serum,2,59.0,0.1,106.2,14.0
118,94,2026-01-17,Red Light Face Mask,1,249.0,0.15,211.65,75.0
119,94,2026-04-02,Scalp Serum,1,59.0,0.0,59.0,14.0
120,94,2026-07-24,Scalp Serum,1,59.0,0.0,59.0,14.0
121,95,2026-05-14,Scalp Serum,1,59.0,0.0,59.0,14.0
122,95,2026-07-24,Replacement Cap Pads,1,39.0,0.0,39.0,9.0
123,96,2026-02-06,Hair Growth System (Device),1,495.0,0.0,495.0,140.0
124,97,2026-05-04,Hair Growth System (Device),1,495.0,0.1,445.5,140.0
125,98,2026-07-05,Replacement Cap Pads,1,39.0,0.0,39.0,9.0
126,99,2026-01-20,Scalp Serum,1,59.0,0.1,53.1,14.0
127,100,2026-05-21,Hair Growth System (Device),1,495.0,0.0,495.0,140.0
128,100,2026-07-20,Scalp Serum,1,59.0,0.0,59.0,14.0
129,101,2026-05-16,Hair Growth System (Device),1,495.0,0.0,495.0,140.0
130,102,2026-05-04,Scalp Serum,1,59.0,0.0,59.0,14.0
131,103,2026-06-12,Scalp Serum,1,59.0,0.0,59.0,14.0
132,104,2026-04-10,Scalp Serum,1,59.0,0.0,59.0,14.0
133,104,2026-07-16,Red Light Face Mask,1,249.0,0.0,249.0,75.0
134,105,2026-04-06,Hair Growth System (Device),1,495.0,0.0,495.0,140.0
135,106,2026-07-04,Hair Growth System (Device),1,495.0,0.0,495.0,140.0
136,107,2026-05-29,Red Light Face Mask,1,249.0,0.0,249.0,75.0
137,108,2026-06-03,Hair Growth System (Device),1,495.0,0.1,445.5,140.0
138,109,2026-06-22,Hair Growth System (Device),1,495.0,0.0,495.0,140.0
139,110,2026-07-01,Scalp Serum,1,59.0,0.0,59.0,14.0
140,111,2026-02-05,Hair Growth System (Device),1,495.0,0.1,445.5,140.0
141,112,2026-05-17,Hair Growth System (Device),1,495.0,0.0,495.0,140.0
142,112,2026-07-07,Scalp Serum,1,59.0,0.0,59.0,14.0
143,113,2026-05-01,Hair Growth System (Device),1,495.0,0.0,495.0,140.0
144,114,2026-07-12,Hair Growth System (Device),1,495.0,0.0,495.0,140.0
145,115,2026-07-13,Replacement Cap Pads,1,39.0,0.0,39.0,9.0
146,116,2026-06-02,Scalp Serum,1,59.0,0.0,59.0,14.0
147,117,2026-05-03,Hair Growth System (Device),1,495.0,0.15,420.75,140.0
148,118,2026-05-31,Hair Growth System (Device),1,495.0,0.0,495.0,140.0
149,119,2026-07-20,Hair Growth System (Device),1,495.0,0.0,495.0,140.0
150,120,2026-07-10,Replacement Cap Pads,1,39.0,0.0,39.0,9.0
151,121,2026-03-22,Red Light Face Mask,1,249.0,0.0,249.0,75.0
152,122,2026-07-03,Hair Growth System (Device),1,495.0,0.15,420.75,140.0
153,123,2026-07-05,Hair Growth System (Device),1,495.0,0.0,495.0,140.0
154,124,2026-07-03,Red Light Face Mask,1,249.0,0.0,249.0,75.0
155,125,2026-06-08,Scalp Serum,1,59.0,0.0,59.0,14.0
156,125,2026-07-03,Replacement Cap Pads,2,39.0,0.15,66.3,9.0
157,126,2026-07-16,Hair Growth System (Device),1,495.0,0.0,495.0,140.0
158,127,2026-02-25,Scalp Serum,1,59.0,0.0,59.0,14.0
159,127,2026-03-24,Scalp Serum,2,59.0,0.0,118.0,14.0
160,127,2026-06-28,Scalp Serum,1,59.0,0.0,59.0,14.0
161,128,2026-02-20,Red Light Face Mask,1,249.0,0.0,249.0,75.0
162,128,2026-05-08,Scalp Serum,2,59.0,0.2,94.4,14.0
163,129,2026-02-20,Hair Growth System (Device),1,495.0,0.0,495.0,140.0
164,130,2026-07-15,Red Light Face Mask,1,249.0,0.0,249.0,75.0
165,131,2026-05-24,Hair Growth System (Device),1,495.0,0.0,495.0,140.0
166,132,2026-07-19,Red Light Face Mask,1,249.0,0.0,249.0,75.0
167,133,2026-06-20,Hair Growth System (Device),1,495.0,0.0,495.0,140.0
168,134,2026-03-23,Hair Growth System (Device),1,495.0,0.1,445.5,140.0
169,134,2026-06-24,Scalp Serum,1,59.0,0.0,59.0,14.0
170,135,2026-07-20,Replacement Cap Pads,1,39.0,0.1,35.1,9.0
171,136,2026-05-30,Hair Growth System (Device),1,495.0,0.0,495.0,140.0
172,137,2026-05-20,Hair Growth System (Device),1,495.0,0.0,495.0,140.0
173,138,2026-03-26,Replacement Cap Pads,1,39.0,0.1,35.1,9.0
174,138,2026-04-14,Scalp Serum,1,59.0,0.0,59.0,14.0
175,139,2026-05-15,Hair Growth System (Device),1,495.0,0.0,495.0,140.0
176,140,2026-07-07,Replacement Cap Pads,1,39.0,0.1,35.1,9.0
177,141,2026-03-06,Hair Growth System (Device),1,495.0,0.0,495.0,140.0
178,142,2026-06-29,Hair Growth System (Device),1,495.0,0.0,495.0,140.0
179,143,2026-07-17,Hair Growth System (Device),1,495.0,0.15,420.75,140.0
180,144,2026-03-21,Scalp Serum,1,59.0,0.0,59.0,14.0
181,145,2026-06-26,Scalp Serum,1,59.0,0.0,59.0,14.0
182,145,2026-07-05,Replacement Cap Pads,1,39.0,0.0,39.0,9.0
183,146,2026-07-24,Red Light Face Mask,1,249.0,0.0,249.0,75.0
184,147,2026-07-07,Hair Growth System (Device),1,495.0,0.15,420.75,140.0
185,148,2026-07-12,Scalp Serum,1,59.0,0.0,59.0,14.0
186,149,2026-06-03,Hair Growth System (Device),1,495.0,0.0,495.0,140.0
187,150,2026-05-07,Red Light Face Mask,1,249.0,0.0,249.0,75.0
188,151,2026-04-08,Red Light Face Mask,1,249.0,0.0,249.0,75.0
189,152,2026-04-11,Hair Growth System (Device),1,495.0,0.15,420.75,140.0
190,153,2026-07-13,Hair Growth System (Device),1,495.0,0.0,495.0,140.0
191,154,2026-07-12,Scalp Serum,1,59.0,0.0,59.0,14.0
192,155,2026-05-03,Hair Growth System (Device),1,495.0,0.0,495.0,140.0
193,156,2026-05-10,Scalp Serum,1,59.0,0.0,59.0,14.0
194,156,2026-06-19,Scalp Serum,1,59.0,0.0,59.0,14.0
195,157,2026-07-05,Replacement Cap Pads,1,39.0,0.0,39.0,9.0
196,158,2026-05-20,Hair Growth System (Device),1,495.0,0.0,495.0,140.0
197,159,2026-04-13,Hair Growth System (Device),1,495.0,0.0,495.0,140.0
198,159,2026-05-18,Replacement Cap Pads,1,39.0,0.15,33.15,9.0
199,159,2026-06-08,Replacement Cap Pads,1,39.0,0.0,39.0,9.0
200,160,2026-07-02,Scalp Serum,1,59.0,0.0,59.0,14.0
201,161,2026-04-28,Hair Growth System (Device),1,495.0,0.0,495.0,140.0
202,161,2026-06-18,Replacement Cap Pads,1,39.0,0.0,39.0,9.0
203,162,2026-07-12,Replacement Cap Pads,1,39.0,0.0,39.0,9.0
204,163,2026-07-29,Red Light Face Mask,1,249.0,0.0,249.0,75.0
205,164,2026-05-11,Hair Growth System (Device),1,495.0,0.0,495.0,140.0
206,165,2026-07-10,Hair Growth System (Device),1,495.0,0.0,495.0,140.0
207,166,2026-04-16,Replacement Cap Pads,1,39.0,0.0,39.0,9.0
208,166,2026-06-03,Scalp Serum,2,59.0,0.0,118.0,14.0
209,167,2026-06-07,Hair Growth System (Device),1,495.0,0.0,495.0,140.0
210,168,2026-07-14,Scalp Serum,1,59.0,0.15,50.15,14.0
211,169,2026-04-21,Hair Growth System (Device),1,495.0,0.15,420.75,140.0
212,170,2026-05-20,Scalp Serum,1,59.0,0.0,59.0,14.0
213,170,2026-06-20,Replacement Cap Pads,1,39.0,0.0,39.0,9.0
214,170,2026-07-17,Scalp Serum,1,59.0,0.15,50.15,14.0
215,171,2026-05-22,Hair Growth System (Device),1,495.0,0.15,420.75,140.0
216,172,2026-02-18,Scalp Serum,1,59.0,0.0,59.0,14.0
217,173,2026-05-10,Red Light Face Mask,1,249.0,0.0,249.0,75.0
218,173,2026-06-14,Scalp Serum,1,59.0,0.0,59.0,14.0
219,174,2026-07-13,Hair Growth System (Device),1,495.0,0.0,495.0,140.0
220,175,2026-03-20,Replacement Cap Pads,1,39.0,0.0,39.0,9.0
221,175,2026-04-10,Scalp Serum,1,59.0,0.0,59.0,14.0
222,175,2026-06-20,Scalp Serum,1,59.0,0.0,59.0,14.0
223,175,2026-07-25,Scalp Serum,2,59.0,0.0,118.0,14.0
224,176,2026-06-26,Red Light Face Mask,1,249.0,0.0,249.0,75.0
225,176,2026-07-16,Red Light Face Mask,2,249.0,0.0,498.0,75.0
226,177,2026-05-22,Hair Growth System (Device),1,495.0,0.15,420.75,140.0
227,178,2026-04-17,Hair Growth System (Device),1,495.0,0.0,495.0,140.0
228,179,2026-06-29,Hair Growth System (Device),1,495.0,0.0,495.0,140.0
229,180,2026-04-24,Hair Growth System (Device),1,495.0,0.1,445.5,140.0
230,181,2026-05-17,Replacement Cap Pads,1,39.0,0.2,31.2,9.0
231,181,2026-07-07,Replacement Cap Pads,1,39.0,0.0,39.0,9.0
232,182,2026-03-12,Hair Growth System (Device),1,495.0,0.0,495.0,140.0
233,183,2026-01-28,Hair Growth System (Device),1,495.0,0.0,495.0,140.0
234,183,2026-03-11,Scalp Serum,2,59.0,0.15,100.3,14.0
235,184,2026-03-21,Hair Growth System (Device),1,495.0,0.2,396.0,140.0
236,185,2026-04-14,Hair Growth System (Device),1,495.0,0.0,495.0,140.0
237,186,2026-03-03,Hair Growth System (Device),1,495.0,0.0,495.0,140.0
238,186,2026-05-24,Red Light Face Mask,2,249.0,0.0,498.0,75.0
239,187,2026-06-03,Scalp Serum,1,59.0,0.0,59.0,14.0
240,188,2026-06-07,Hair Growth System (Device),1,495.0,0.0,495.0,140.0
241,189,2026-06-18,Scalp Serum,1,59.0,0.1,53.1,14.0
242,190,2026-01-27,Hair Growth System (Device),1,495.0,0.1,445.5,140.0
243,191,2026-06-30,Scalp Serum,1,59.0,0.0,59.0,14.0
244,192,2026-06-30,Hair Growth System (Device),1,495.0,0.0,495.0,140.0
245,193,2026-06-05,Red Light Face Mask,1,249.0,0.0,249.0,75.0
246,194,2026-07-06,Red Light Face Mask,1,249.0,0.0,249.0,75.0
247,195,2026-06-17,Scalp Serum,1,59.0,0.0,59.0,14.0
248,196,2026-07-05,Replacement Cap Pads,1,39.0,0.1,35.1,9.0
249,197,2026-02-03,Hair Growth System (Device),1,495.0,0.2,396.0,140.0
250,198,2026-05-14,Hair Growth System (Device),1,495.0,0.0,495.0,140.0
251,199,2026-02-10,Hair Growth System (Device),1,495.0,0.0,495.0,140.0
252,199,2026-03-04,Replacement Cap Pads,1,39.0,0.0,39.0,9.0
253,199,2026-05-20,Red Light Face Mask,1,249.0,0.0,249.0,75.0
254,200,2026-02-16,Hair Growth System (Device),1,495.0,0.0,495.0,140.0
255,200,2026-06-11,Replacement Cap Pads,2,39.0,0.0,78.0,9.0
256,201,2026-05-20,Replacement Cap Pads,1,39.0,0.0,39.0,9.0
257,201,2026-06-01,Replacement Cap Pads,2,39.0,0.0,78.0,9.0
258,202,2026-07-26,Hair Growth System (Device),1,495.0,0.0,495.0,140.0
259,203,2026-06-25,Hair Growth System (Device),1,495.0,0.0,495.0,140.0
260,204,2026-04-19,Hair Growth System (Device),1,495.0,0.0,495.0,140.0
261,205,2026-05-19,Red Light Face Mask,1,249.0,0.15,211.65,75.0
262,205,2026-06-07,Replacement Cap Pads,1,39.0,0.0,39.0,9.0
263,205,2026-07-28,Replacement Cap Pads,1,39.0,0.0,39.0,9.0
264,206,2026-04-25,Hair Growth System (Device),1,495.0,0.2,396.0,140.0
265,207,2026-04-25,Hair Growth System (Device),1,495.0,0.0,495.0,140.0
266,208,2026-03-28,Hair Growth System (Device),1,495.0,0.0,495.0,140.0
267,208,2026-04-15,Red Light Face Mask,1,249.0,0.0,249.0,75.0
268,209,2026-06-29,Scalp Serum,1,59.0,0.0,59.0,14.0
269,210,2026-05-20,Hair Growth System (Device),1,495.0,0.0,495.0,140.0
270,211,2026-02-20,Hair Growth System (Device),1,495.0,0.0,495.0,140.0
271,211,2026-05-04,Replacement Cap Pads,2,39.0,0.0,78.0,9.0
272,212,2026-07-02,Hair Growth System (Device),1,495.0,0.0,495.0,140.0
273,213,2026-07-14,Hair Growth System (Device),1,495.0,0.0,495.0,140.0
274,214,2026-03-16,Hair Growth System (Device),1,495.0,0.0,495.0,140.0
275,214,2026-05-14,Scalp Serum,2,59.0,0.15,100.3,14.0
276,214,2026-06-10,Scalp Serum,1,59.0,0.0,59.0,14.0
277,215,2026-05-07,Hair Growth System (Device),1,495.0,0.2,396.0,140.0
278,215,2026-06-13,Replacement Cap Pads,2,39.0,0.0,78.0,9.0
279,216,2026-03-24,Scalp Serum,1,59.0,0.15,50.15,14.0
280,216,2026-04-06,Replacement Cap Pads,1,39.0,0.0,39.0,9.0
281,216,2026-05-25,Replacement Cap Pads,1,39.0,0.0,39.0,9.0
282,217,2026-05-21,Scalp Serum,1,59.0,0.0,59.0,14.0
283,217,2026-07-17,Scalp Serum,1,59.0,0.0,59.0,14.0
284,218,2026-05-08,Replacement Cap Pads,1,39.0,0.0,39.0,9.0
285,218,2026-07-16,Scalp Serum,1,59.0,0.0,59.0,14.0
286,219,2026-07-26,Scalp Serum,1,59.0,0.15,50.15,14.0
287,220,2026-06-01,Hair Growth System (Device),1,495.0,0.0,495.0,140.0
288,221,2026-07-05,Hair Growth System (Device),1,495.0,0.15,420.75,140.0
289,222,2026-06-15,Hair Growth System (Device),1,495.0,0.15,420.75,140.0
290,223,2026-04-05,Hair Growth System (Device),1,495.0,0.0,495.0,140.0
291,224,2026-03-29,Hair Growth System (Device),1,495.0,0.15,420.75,140.0
292,224,2026-04-04,Red Light Face Mask,2,249.0,0.0,498.0,75.0
293,225,2026-07-09,Red Light Face Mask,1,249.0,0.1,224.1,75.0
294,226,2026-06-22,Hair Growth System (Device),1,495.0,0.0,495.0,140.0
295,227,2026-04-24,Hair Growth System (Device),1,495.0,0.0,495.0,140.0
296,228,2026-06-27,Hair Growth System (Device),1,495.0,0.0,495.0,140.0
297,229,2026-05-07,Scalp Serum,1,59.0,0.0,59.0,14.0
298,230,2026-07-07,Hair Growth System (Device),1,495.0,0.0,495.0,140.0
299,231,2026-05-07,Scalp Serum,1,59.0,0.0,59.0,14.0
300,232,2026-07-29,Hair Growth System (Device),1,495.0,0.0,495.0,140.0
301,233,2026-01-23,Scalp Serum,1,59.0,0.0,59.0,14.0
302,234,2026-07-05,Red Light Face Mask,1,249.0,0.0,249.0,75.0
303,235,2026-07-28,Hair Growth System (Device),1,495.0,0.0,495.0,140.0
304,236,2026-06-24,Scalp Serum,1,59.0,0.15,50.15,14.0
305,237,2026-07-06,Replacement Cap Pads,1,39.0,0.0,39.0,9.0
306,238,2026-07-27,Replacement Cap Pads,1,39.0,0.2,31.2,9.0
307,239,2026-02-05,Hair Growth System (Device),1,495.0,0.0,495.0,140.0
308,239,2026-06-28,Scalp Serum,1,59.0,0.0,59.0,14.0
309,240,2026-07-23,Red Light Face Mask,1,249.0,0.0,249.0,75.0
310,241,2026-06-01,Red Light Face Mask,1,249.0,0.0,249.0,75.0
311,242,2026-04-04,Hair Growth System (Device),1,495.0,0.0,495.0,140.0
312,243,2026-06-16,Red Light Face Mask,1,249.0,0.0,249.0,75.0
313,244,2026-06-18,Red Light Face Mask,1,249.0,0.1,224.1,75.0
314,245,2026-03-29,Hair Growth System (Device),1,495.0,0.15,420.75,140.0
315,246,2026-05-03,Hair Growth System (Device),1,495.0,0.0,495.0,140.0
316,246,2026-06-27,Red Light Face Mask,1,249.0,0.0,249.0,75.0
317,247,2026-07-16,Hair Growth System (Device),1,495.0,0.0,495.0,140.0
318,248,2026-07-05,Hair Growth System (Device),1,495.0,0.0,495.0,140.0
319,249,2026-06-09,Red Light Face Mask,1,249.0,0.2,199.2,75.0
320,250,2026-07-18,Hair Growth System (Device),1,495.0,0.1,445.5,140.0
321,251,2026-04-26,Red Light Face Mask,1,249.0,0.0,249.0,75.0
322,251,2026-05-25,Replacement Cap Pads,1,39.0,0.0,39.0,9.0
323,252,2026-05-15,Replacement Cap Pads,1,39.0,0.0,39.0,9.0
324,252,2026-07-18,Scalp Serum,1,59.0,0.0,59.0,14.0
325,253,2026-03-25,Red Light Face Mask,1,249.0,0.0,249.0,75.0
326,253,2026-04-21,Replacement Cap Pads,1,39.0,0.0,39.0,9.0
327,253,2026-06-20,Red Light Face Mask,2,249.0,0.1,448.2,75.0
328,254,2026-05-04,Red Light Face Mask,1,249.0,0.15,211.65,75.0
329,255,2026-04-30,Red Light Face Mask,1,249.0,0.15,211.65,75.0
330,255,2026-06-01,Red Light Face Mask,1,249.0,0.0,249.0,75.0
331,256,2026-05-14,Hair Growth System (Device),1,495.0,0.15,420.75,140.0
332,257,2026-03-10,Hair Growth System (Device),1,495.0,0.0,495.0,140.0
333,258,2026-05-22,Red Light Face Mask,1,249.0,0.0,249.0,75.0
334,259,2026-07-25,Hair Growth System (Device),1,495.0,0.0,495.0,140.0
335,260,2026-07-27,Replacement Cap Pads,1,39.0,0.0,39.0,9.0
336,261,2026-07-23,Red Light Face Mask,1,249.0,0.0,249.0,75.0
337,262,2026-03-26,Red Light Face Mask,1,249.0,0.0,249.0,75.0
338,262,2026-06-22,Scalp Serum,1,59.0,0.0,59.0,14.0
339,262,2026-07-10,Scalp Serum,1,59.0,0.0,59.0,14.0
340,263,2026-07-17,Scalp Serum,1,59.0,0.0,59.0,14.0
341,264,2026-05-13,Hair Growth System (Device),1,495.0,0.1,445.5,140.0
342,265,2026-06-11,Hair Growth System (Device),1,495.0,0.15,420.75,140.0
343,266,2026-06-13,Scalp Serum,1,59.0,0.15,50.15,14.0
344,267,2026-04-23,Hair Growth System (Device),1,495.0,0.1,445.5,140.0
345,268,2026-03-19,Hair Growth System (Device),1,495.0,0.0,495.0,140.0
346,269,2026-05-14,Hair Growth System (Device),1,495.0,0.0,495.0,140.0
347,270,2026-06-08,Hair Growth System (Device),1,495.0,0.1,445.5,140.0
348,271,2026-05-12,Scalp Serum,1,59.0,0.0,59.0,14.0
349,271,2026-06-25,Scalp Serum,1,59.0,0.0,59.0,14.0
350,272,2026-07-11,Red Light Face Mask,1,249.0,0.0,249.0,75.0
351,273,2026-03-17,Hair Growth System (Device),1,495.0,0.0,495.0,140.0
352,273,2026-06-16,Replacement Cap Pads,1,39.0,0.0,39.0,9.0
353,274,2026-07-29,Hair Growth System (Device),1,495.0,0.0,495.0,140.0
354,275,2026-03-22,Red Light Face Mask,1,249.0,0.1,224.1,75.0
355,276,2026-01-11,Red Light Face Mask,1,249.0,0.0,249.0,75.0
356,276,2026-02-27,Scalp Serum,1,59.0,0.0,59.0,14.0
357,276,2026-03-12,Replacement Cap Pads,2,39.0,0.0,78.0,9.0
358,276,2026-05-15,Replacement Cap Pads,2,39.0,0.0,78.0,9.0
359,277,2026-05-23,Replacement Cap Pads,1,39.0,0.0,39.0,9.0
360,278,2026-05-01,Hair Growth System (Device),1,495.0,0.0,495.0,140.0
361,278,2026-06-04,Red Light Face Mask,1,249.0,0.1,224.1,75.0
362,279,2026-07-30,Scalp Serum,1,59.0,0.1,53.1,14.0
363,280,2026-05-03,Hair Growth System (Device),1,495.0,0.1,445.5,140.0
364,281,2026-06-27,Hair Growth System (Device),1,495.0,0.0,495.0,140.0
365,281,2026-07-21,Scalp Serum,1,59.0,0.0,59.0,14.0
366,282,2026-05-09,Hair Growth System (Device),1,495.0,0.0,495.0,140.0
367,283,2026-06-11,Scalp Serum,1,59.0,0.1,53.1,14.0
368,284,2026-06-25,Hair Growth System (Device),1,495.0,0.0,495.0,140.0
369,284,2026-07-18,Scalp Serum,1,59.0,0.0,59.0,14.0
370,285,2026-07-27,Hair Growth System (Device),1,495.0,0.15,420.75,140.0
371,286,2026-06-10,Hair Growth System (Device),1,495.0,0.0,495.0,140.0
372,287,2026-03-29,Scalp Serum,1,59.0,0.1,53.1,14.0
373,287,2026-04-16,Red Light Face Mask,1,249.0,0.0,249.0,75.0
374,287,2026-07-01,Scalp Serum,1,59.0,0.0,59.0,14.0
375,288,2026-07-13,Hair Growth System (Device),1,495.0,0.0,495.0,140.0
376,289,2026-02-07,Scalp Serum,1,59.0,0.0,59.0,14.0
377,289,2026-04-03,Replacement Cap Pads,1,39.0,0.0,39.0,9.0
378,290,2026-04-29,Red Light Face Mask,1,249.0,0.0,249.0,75.0
379,290,2026-07-28,Scalp Serum,1,59.0,0.0,59.0,14.0
380,291,2026-05-16,Red Light Face Mask,1,249.0,0.0,249.0,75.0
381,292,2026-07-17,Hair Growth System (Device),1,495.0,0.0,495.0,140.0
382,293,2026-03-20,Red Light Face Mask,1,249.0,0.0,249.0,75.0
383,293,2026-06-15,Red Light Face Mask,1,249.0,0.0,249.0,75.0
384,294,2026-06-21,Red Light Face Mask,1,249.0,0.15,211.65,75.0
385,295,2026-03-29,Hair Growth System (Device),1,495.0,0.0,495.0,140.0
386,296,2026-05-06,Hair Growth System (Device),1,495.0,0.0,495.0,140.0
387,297,2026-06-19,Hair Growth System (Device),1,495.0,0.1,445.5,140.0
388,298,2026-04-03,Replacement Cap Pads,1,39.0,0.0,39.0,9.0
389,299,2026-04-11,Hair Growth System (Device),1,495.0,0.0,495.0,140.0
390,300,2026-04-24,Scalp Serum,1,59.0,0.1,53.1,14.0
391,300,2026-06-17,Red Light Face Mask,2,249.0,0.0,498.0,75.0
392,300,2026-07-08,Replacement Cap Pads,1,39.0,0.0,39.0,9.0
393,301,2026-04-29,Scalp Serum,1,59.0,0.0,59.0,14.0
394,302,2026-07-08,Hair Growth System (Device),1,495.0,0.0,495.0,140.0
395,303,2026-06-23,Hair Growth System (Device),1,495.0,0.0,495.0,140.0
396,304,2026-07-10,Hair Growth System (Device),1,495.0,0.0,495.0,140.0
397,305,2026-04-24,Scalp Serum,1,59.0,0.0,59.0,14.0
398,305,2026-07-03,Replacement Cap Pads,1,39.0,0.0,39.0,9.0
399,306,2026-05-05,Red Light Face Mask,1,249.0,0.0,249.0,75.0
400,307,2026-05-27,Scalp Serum,1,59.0,0.15,50.15,14.0
401,307,2026-07-18,Scalp Serum,1,59.0,0.0,59.0,14.0
402,308,2026-07-23,Scalp Serum,1,59.0,0.15,50.15,14.0
403,309,2026-06-15,Red Light Face Mask,1,249.0,0.0,249.0,75.0
404,310,2026-06-22,Scalp Serum,1,59.0,0.0,59.0,14.0
405,310,2026-07-23,Replacement Cap Pads,1,39.0,0.0,39.0,9.0
406,311,2026-02-18,Replacement Cap Pads,1,39.0,0.0,39.0,9.0
407,311,2026-03-06,Scalp Serum,1,59.0,0.0,59.0,14.0
408,311,2026-06-21,Scalp Serum,2,59.0,0.0,118.0,14.0
409,312,2026-07-05,Hair Growth System (Device),1,495.0,0.0,495.0,140.0
410,313,2026-07-23,Scalp Serum,1,59.0,0.0,59.0,14.0
411,314,2026-07-17,Replacement Cap Pads,1,39.0,0.0,39.0,9.0
412,315,2026-07-27,Hair Growth System (Device),1,495.0,0.1,445.5,140.0
413,316,2026-07-21,Hair Growth System (Device),1,495.0,0.0,495.0,140.0
414,317,2026-06-04,Hair Growth System (Device),1,495.0,0.0,495.0,140.0
415,318,2026-07-21,Hair Growth System (Device),1,495.0,0.0,495.0,140.0
416,319,2026-03-30,Hair Growth System (Device),1,495.0,0.0,495.0,140.0
417,319,2026-05-04,Scalp Serum,1,59.0,0.0,59.0,14.0
418,320,2026-05-13,Hair Growth System (Device),1,495.0,0.0,495.0,140.0
419,321,2026-07-26,Hair Growth System (Device),1,495.0,0.0,495.0,140.0
420,322,2026-01-21,Hair Growth System (Device),1,495.0,0.0,495.0,140.0
421,323,2026-07-29,Hair Growth System (Device),1,495.0,0.0,495.0,140.0
422,324,2026-06-05,Hair Growth System (Device),1,495.0,0.15,420.75,140.0
423,325,2026-07-14,Scalp Serum,1,59.0,0.0,59.0,14.0
424,326,2026-03-12,Red Light Face Mask,1,249.0,0.0,249.0,75.0
425,326,2026-05-27,Scalp Serum,2,59.0,0.0,118.0,14.0
426,326,2026-06-26,Scalp Serum,1,59.0,0.0,59.0,14.0
427,327,2026-04-18,Hair Growth System (Device),1,495.0,0.0,495.0,140.0
428,328,2026-07-07,Hair Growth System (Device),1,495.0,0.0,495.0,140.0
429,329,2026-03-30,Red Light Face Mask,1,249.0,0.15,211.65,75.0
430,330,2026-07-11,Hair Growth System (Device),1,495.0,0.0,495.0,140.0
431,331,2026-06-22,Scalp Serum,1,59.0,0.0,59.0,14.0
432,332,2026-05-01,Hair Growth System (Device),1,495.0,0.1,445.5,140.0
433,333,2026-04-13,Hair Growth System (Device),1,495.0,0.15,420.75,140.0
434,334,2026-04-26,Scalp Serum,1,59.0,0.1,53.1,14.0
435,334,2026-05-22,Scalp Serum,1,59.0,0.1,53.1,14.0
436,335,2026-06-20,Hair Growth System (Device),1,495.0,0.1,445.5,140.0
437,336,2026-03-14,Hair Growth System (Device),1,495.0,0.0,495.0,140.0
438,337,2026-05-30,Hair Growth System (Device),1,495.0,0.0,495.0,140.0
439,338,2026-04-28,Hair Growth System (Device),1,495.0,0.0,495.0,140.0
440,339,2026-04-25,Scalp Serum,1,59.0,0.0,59.0,14.0
441,339,2026-06-19,Scalp Serum,1,59.0,0.0,59.0,14.0
442,340,2026-03-19,Hair Growth System (Device),1,495.0,0.0,495.0,140.0
443,340,2026-07-28,Replacement Cap Pads,2,39.0,0.0,78.0,9.0
444,341,2026-06-14,Hair Growth System (Device),1,495.0,0.0,495.0,140.0
445,342,2026-05-25,Scalp Serum,1,59.0,0.15,50.15,14.0
446,342,2026-06-08,Red Light Face Mask,1,249.0,0.0,249.0,75.0
447,342,2026-07-21,Scalp Serum,1,59.0,0.0,59.0,14.0
448,343,2026-04-09,Hair Growth System (Device),1,495.0,0.15,420.75,140.0
449,343,2026-05-08,Scalp Serum,1,59.0,0.2,47.2,14.0
450,344,2026-07-17,Hair Growth System (Device),1,495.0,0.1,445.5,140.0
451,345,2026-06-27,Hair Growth System (Device),1,495.0,0.0,495.0,140.0
452,346,2026-02-22,Scalp Serum,1,59.0,0.15,50.15,14.0
453,346,2026-07-24,Red Light Face Mask,1,249.0,0.0,249.0,75.0
454,347,2026-03-23,Hair Growth System (Device),1,495.0,0.1,445.5,140.0
455,348,2026-03-13,Hair Growth System (Device),1,495.0,0.0,495.0,140.0
456,348,2026-05-05,Replacement Cap Pads,1,39.0,0.0,39.0,9.0
457,348,2026-06-26,Scalp Serum,2,59.0,0.0,118.0,14.0
458,349,2026-03-05,Hair Growth System (Device),1,495.0,0.0,495.0,140.0
459,350,2026-05-23,Hair Growth System (Device),1,495.0,0.15,420.75,140.0
460,351,2026-02-20,Hair Growth System (Device),1,495.0,0.15,420.75,140.0
461,351,2026-04-07,Replacement Cap Pads,1,39.0,0.0,39.0,9.0
462,351,2026-05-04,Scalp Serum,1,59.0,0.0,59.0,14.0
463,351,2026-07-03,Replacement Cap Pads,1,39.0,0.0,39.0,9.0
464,352,2026-05-13,Hair Growth System (Device),1,495.0,0.0,495.0,140.0
465,353,2026-06-10,Scalp Serum,1,59.0,0.0,59.0,14.0
466,354,2026-02-23,Replacement Cap Pads,1,39.0,0.0,39.0,9.0
467,354,2026-03-05,Scalp Serum,1,59.0,0.1,53.1,14.0
468,354,2026-05-21,Scalp Serum,1,59.0,0.0,59.0,14.0
469,354,2026-06-03,Scalp Serum,1,59.0,0.0,59.0,14.0
470,354,2026-07-15,Replacement Cap Pads,1,39.0,0.1,35.1,9.0
471,355,2026-07-23,Hair Growth System (Device),1,495.0,0.0,495.0,140.0
472,356,2026-07-05,Hair Growth System (Device),1,495.0,0.0,495.0,140.0
473,357,2026-06-19,Hair Growth System (Device),1,495.0,0.2,396.0,140.0
474,357,2026-07-14,Replacement Cap Pads,1,39.0,0.0,39.0,9.0
475,358,2026-05-11,Hair Growth System (Device),1,495.0,0.15,420.75,140.0
476,359,2026-05-10,Hair Growth System (Device),1,495.0,0.0,495.0,140.0
477,360,2026-06-04,Replacement Cap Pads,1,39.0,0.1,35.1,9.0
478,360,2026-07-21,Scalp Serum,1,59.0,0.0,59.0,14.0
479,361,2026-03-31,Hair Growth System (Device),1,495.0,0.0,495.0,140.0
480,362,2026-06-30,Scalp Serum,1,59.0,0.0,59.0,14.0
481,363,2026-01-01,Scalp Serum,1,59.0,0.0,59.0,14.0
482,363,2026-06-12,Scalp Serum,1,59.0,0.0,59.0,14.0
483,364,2026-05-10,Hair Growth System (Device),1,495.0,0.2,396.0,140.0
484,365,2026-03-25,Hair Growth System (Device),1,495.0,0.0,495.0,140.0
485,366,2026-07-04,Hair Growth System (Device),1,495.0,0.0,495.0,140.0
486,367,2026-06-15,Hair Growth System (Device),1,495.0,0.1,445.5,140.0
487,368,2026-04-14,Red Light Face Mask,1,249.0,0.0,249.0,75.0
488,369,2026-05-21,Hair Growth System (Device),1,495.0,0.0,495.0,140.0
489,370,2026-04-15,Scalp Serum,1,59.0,0.0,59.0,14.0
490,370,2026-05-07,Scalp Serum,1,59.0,0.1,53.1,14.0
491,371,2026-06-05,Hair Growth System (Device),1,495.0,0.0,495.0,140.0
492,372,2026-03-20,Hair Growth System (Device),1,495.0,0.0,495.0,140.0
493,373,2026-07-21,Scalp Serum,1,59.0,0.0,59.0,14.0
494,374,2026-07-05,Hair Growth System (Device),1,495.0,0.0,495.0,140.0
495,375,2026-07-17,Hair Growth System (Device),1,495.0,0.0,495.0,140.0
496,376,2026-05-16,Hair Growth System (Device),1,495.0,0.0,495.0,140.0
497,377,2026-06-12,Hair Growth System (Device),1,495.0,0.0,495.0,140.0
498,378,2026-06-23,Scalp Serum,1,59.0,0.0,59.0,14.0
499,378,2026-07-26,Scalp Serum,1,59.0,0.0,59.0,14.0
500,379,2026-05-04,Hair Growth System (Device),1,495.0,0.0,495.0,140.0
501,380,2026-06-02,Hair Growth System (Device),1,495.0,0.0,495.0,140.0
502,381,2026-04-26,Hair Growth System (Device),1,495.0,0.0,495.0,140.0
503,381,2026-05-03,Scalp Serum,1,59.0,0.0,59.0,14.0
504,382,2026-04-14,Hair Growth System (Device),1,495.0,0.0,495.0,140.0
505,383,2026-03-22,Red Light Face Mask,1,249.0,0.0,249.0,75.0
506,383,2026-04-11,Replacement Cap Pads,2,39.0,0.0,78.0,9.0
507,383,2026-07-05,Replacement Cap Pads,1,39.0,0.0,39.0,9.0
508,384,2026-05-16,Hair Growth System (Device),1,495.0,0.0,495.0,140.0
509,385,2026-05-12,Hair Growth System (Device),1,495.0,0.2,396.0,140.0
510,386,2026-03-01,Red Light Face Mask,1,249.0,0.0,249.0,75.0
511,386,2026-04-25,Scalp Serum,1,59.0,0.0,59.0,14.0
512,386,2026-07-23,Scalp Serum,1,59.0,0.15,50.15,14.0
513,387,2026-06-04,Scalp Serum,1,59.0,0.0,59.0,14.0
514,388,2026-05-10,Red Light Face Mask,1,249.0,0.15,211.65,75.0
515,389,2026-02-26,Red Light Face Mask,1,249.0,0.15,211.65,75.0
516,389,2026-03-10,Scalp Serum,2,59.0,0.1,106.2,14.0
517,389,2026-04-22,Red Light Face Mask,1,249.0,0.15,211.65,75.0
518,390,2026-04-09,Hair Growth System (Device),1,495.0,0.0,495.0,140.0
519,390,2026-06-14,Red Light Face Mask,1,249.0,0.0,249.0,75.0
520,391,2026-04-27,Hair Growth System (Device),1,495.0,0.2,396.0,140.0
521,391,2026-06-06,Scalp Serum,1,59.0,0.0,59.0,14.0
522,392,2026-04-02,Hair Growth System (Device),1,495.0,0.2,396.0,140.0
523,393,2026-07-03,Scalp Serum,1,59.0,0.0,59.0,14.0
524,394,2026-06-27,Hair Growth System (Device),1,495.0,0.0,495.0,140.0
525,395,2026-04-30,Red Light Face Mask,1,249.0,0.0,249.0,75.0
526,395,2026-07-13,Scalp Serum,1,59.0,0.0,59.0,14.0
527,396,2026-06-19,Hair Growth System (Device),1,495.0,0.0,495.0,140.0
528,397,2026-07-18,Hair Growth System (Device),1,495.0,0.2,396.0,140.0
529,398,2026-06-29,Hair Growth System (Device),1,495.0,0.0,495.0,140.0
530,398,2026-07-09,Scalp Serum,1,59.0,0.0,59.0,14.0
531,399,2026-04-06,Hair Growth System (Device),1,495.0,0.15,420.75,140.0
532,399,2026-06-11,Replacement Cap Pads,1,39.0,0.0,39.0,9.0
533,399,2026-07-08,Replacement Cap Pads,1,39.0,0.0,39.0,9.0
534,400,2026-07-16,Hair Growth System (Device),1,495.0,0.0,495.0,140.0
535,401,2026-06-06,Hair Growth System (Device),1,495.0,0.0,495.0,140.0
536,401,2026-07-24,Replacement Cap Pads,1,39.0,0.1,35.1,9.0
537,402,2026-04-25,Scalp Serum,1,59.0,0.0,59.0,14.0
538,403,2026-06-09,Red Light Face Mask,1,249.0,0.1,224.1,75.0
539,403,2026-07-23,Scalp Serum,1,59.0,0.0,59.0,14.0
540,404,2026-07-24,Scalp Serum,1,59.0,0.0,59.0,14.0
541,405,2026-05-28,Hair Growth System (Device),1,495.0,0.2,396.0,140.0
542,405,2026-06-08,Replacement Cap Pads,1,39.0,0.0,39.0,9.0
543,405,2026-07-17,Scalp Serum,1,59.0,0.0,59.0,14.0
544,406,2026-05-24,Hair Growth System (Device),1,495.0,0.2,396.0,140.0
545,407,2026-03-20,Hair Growth System (Device),1,495.0,0.0,495.0,140.0
546,407,2026-05-01,Scalp Serum,1,59.0,0.0,59.0,14.0
547,408,2026-07-18,Hair Growth System (Device),1,495.0,0.2,396.0,140.0
548,409,2026-06-02,Scalp Serum,1,59.0,0.0,59.0,14.0
549,409,2026-07-11,Scalp Serum,1,59.0,0.0,59.0,14.0
550,410,2026-07-10,Scalp Serum,1,59.0,0.0,59.0,14.0
551,411,2026-03-20,Scalp Serum,1,59.0,0.0,59.0,14.0
552,412,2026-03-23,Hair Growth System (Device),1,495.0,0.0,495.0,140.0
553,412,2026-07-12,Scalp Serum,1,59.0,0.0,59.0,14.0
554,413,2026-02-21,Replacement Cap Pads,1,39.0,0.0,39.0,9.0
555,413,2026-05-03,Replacement Cap Pads,1,39.0,0.0,39.0,9.0
556,414,2026-06-21,Scalp Serum,1,59.0,0.0,59.0,14.0
557,414,2026-07-27,Scalp Serum,1,59.0,0.0,59.0,14.0
558,415,2026-05-16,Scalp Serum,1,59.0,0.0,59.0,14.0
559,416,2026-06-04,Hair Growth System (Device),1,495.0,0.2,396.0,140.0
560,417,2026-06-26,Scalp Serum,1,59.0,0.0,59.0,14.0
561,418,2026-03-31,Hair Growth System (Device),1,495.0,0.0,495.0,140.0
562,419,2026-04-14,Red Light Face Mask,1,249.0,0.0,249.0,75.0
563,419,2026-05-14,Replacement Cap Pads,1,39.0,0.1,35.1,9.0
564,420,2026-05-06,Red Light Face Mask,1,249.0,0.0,249.0,75.0
565,421,2026-07-26,Replacement Cap Pads,1,39.0,0.15,33.15,9.0
566,422,2026-06-26,Hair Growth System (Device),1,495.0,0.15,420.75,140.0
567,423,2026-03-01,Hair Growth System (Device),1,495.0,0.0,495.0,140.0
568,424,2026-02-07,Replacement Cap Pads,1,39.0,0.15,33.15,9.0
569,424,2026-04-16,Replacement Cap Pads,2,39.0,0.0,78.0,9.0
570,425,2026-06-18,Hair Growth System (Device),1,495.0,0.0,495.0,140.0
571,426,2026-07-13,Scalp Serum,1,59.0,0.0,59.0,14.0
572,427,2026-07-28,Hair Growth System (Device),1,495.0,0.0,495.0,140.0
573,428,2026-07-22,Hair Growth System (Device),1,495.0,0.0,495.0,140.0
574,429,2026-06-25,Hair Growth System (Device),1,495.0,0.2,396.0,140.0
575,430,2026-07-22,Hair Growth System (Device),1,495.0,0.0,495.0,140.0
576,431,2026-06-05,Scalp Serum,1,59.0,0.0,59.0,14.0
577,432,2026-07-14,Hair Growth System (Device),1,495.0,0.0,495.0,140.0
578,433,2026-03-22,Hair Growth System (Device),1,495.0,0.0,495.0,140.0
579,433,2026-04-16,Replacement Cap Pads,1,39.0,0.0,39.0,9.0
580,434,2026-07-23,Scalp Serum,1,59.0,0.15,50.15,14.0
581,435,2026-06-08,Red Light Face Mask,1,249.0,0.0,249.0,75.0
582,436,2026-06-05,Hair Growth System (Device),1,495.0,0.0,495.0,140.0
583,437,2026-07-07,Replacement Cap Pads,1,39.0,0.0,39.0,9.0
584,438,2026-07-02,Red Light Face Mask,1,249.0,0.2,199.2,75.0
585,439,2026-04-12,Replacement Cap Pads,1,39.0,0.0,39.0,9.0
586,440,2026-06-15,Replacement Cap Pads,1,39.0,0.0,39.0,9.0
587,441,2026-05-01,Red Light Face Mask,1,249.0,0.0,249.0,75.0
588,442,2026-05-22,Hair Growth System (Device),1,495.0,0.0,495.0,140.0
589,443,2026-05-10,Red Light Face Mask,1,249.0,0.15,211.65,75.0
590,443,2026-07-07,Scalp Serum,1,59.0,0.0,59.0,14.0
591,444,2026-05-11,Hair Growth System (Device),1,495.0,0.1,445.5,140.0
592,445,2026-04-15,Hair Growth System (Device),1,495.0,0.0,495.0,140.0
593,446,2026-05-11,Red Light Face Mask,1,249.0,0.0,249.0,75.0
594,447,2026-05-12,Hair Growth System (Device),1,495.0,0.1,445.5,140.0
595,448,2026-07-24,Scalp Serum,1,59.0,0.0,59.0,14.0
596,449,2026-03-09,Hair Growth System (Device),1,495.0,0.15,420.75,140.0
597,450,2026-06-07,Scalp Serum,1,59.0,0.15,50.15,14.0
598,451,2026-03-05,Hair Growth System (Device),1,495.0,0.0,495.0,140.0
599,451,2026-04-14,Replacement Cap Pads,1,39.0,0.0,39.0,9.0
600,452,2026-07-06,Hair Growth System (Device),1,495.0,0.0,495.0,140.0
601,453,2026-05-16,Hair Growth System (Device),1,495.0,0.0,495.0,140.0
602,454,2026-06-07,Hair Growth System (Device),1,495.0,0.0,495.0,140.0
603,455,2026-06-02,Scalp Serum,1,59.0,0.0,59.0,14.0
604,455,2026-07-11,Scalp Serum,2,59.0,0.0,118.0,14.0
605,456,2026-04-20,Hair Growth System (Device),1,495.0,0.0,495.0,140.0
606,457,2026-03-28,Hair Growth System (Device),1,495.0,0.0,495.0,140.0
607,457,2026-05-19,Scalp Serum,1,59.0,0.1,53.1,14.0
608,457,2026-06-05,Replacement Cap Pads,2,39.0,0.0,78.0,9.0
609,457,2026-07-17,Scalp Serum,1,59.0,0.15,50.15,14.0
610,458,2026-07-06,Hair Growth System (Device),1,495.0,0.1,445.5,140.0
611,459,2026-06-29,Red Light Face Mask,1,249.0,0.0,249.0,75.0
612,460,2026-05-23,Replacement Cap Pads,1,39.0,0.0,39.0,9.0
613,461,2026-05-13,Scalp Serum,1,59.0,0.0,59.0,14.0
614,461,2026-06-27,Replacement Cap Pads,1,39.0,0.0,39.0,9.0
615,461,2026-07-09,Red Light Face Mask,1,249.0,0.0,249.0,75.0
616,462,2026-07-15,Scalp Serum,1,59.0,0.0,59.0,14.0
617,463,2026-07-11,Hair Growth System (Device),1,495.0,0.1,445.5,140.0
618,464,2026-04-26,Hair Growth System (Device),1,495.0,0.0,495.0,140.0
619,465,2026-05-27,Red Light Face Mask,1,249.0,0.0,249.0,75.0
620,466,2026-04-30,Scalp Serum,1,59.0,0.0,59.0,14.0
621,467,2026-07-27,Scalp Serum,1,59.0,0.0,59.0,14.0
622,468,2026-04-22,Hair Growth System (Device),1,495.0,0.0,495.0,140.0
623,468,2026-07-19,Replacement Cap Pads,1,39.0,0.0,39.0,9.0
624,469,2026-07-23,Replacement Cap Pads,1,39.0,0.0,39.0,9.0
625,470,2026-03-31,Hair Growth System (Device),1,495.0,0.0,495.0,140.0
626,471,2026-06-29,Hair Growth System (Device),1,495.0,0.1,445.5,140.0
627,472,2026-07-08,Hair Growth System (Device),1,495.0,0.0,495.0,140.0
628,473,2026-07-14,Red Light Face Mask,1,249.0,0.0,249.0,75.0
629,474,2026-03-20,Scalp Serum,1,59.0,0.0,59.0,14.0
630,475,2026-03-24,Hair Growth System (Device),1,495.0,0.0,495.0,140.0
631,475,2026-05-07,Red Light Face Mask,1,249.0,0.0,249.0,75.0
632,476,2026-05-22,Scalp Serum,1,59.0,0.0,59.0,14.0
633,477,2026-06-04,Hair Growth System (Device),1,495.0,0.0,495.0,140.0
634,478,2026-05-17,Red Light Face Mask,1,249.0,0.1,224.1,75.0
635,478,2026-06-01,Scalp Serum,1,59.0,0.0,59.0,14.0
636,479,2026-06-26,Hair Growth System (Device),1,495.0,0.15,420.75,140.0
637,480,2026-07-21,Hair Growth System (Device),1,495.0,0.2,396.0,140.0
638,481,2026-06-22,Scalp Serum,1,59.0,0.0,59.0,14.0
639,482,2026-06-08,Scalp Serum,1,59.0,0.0,59.0,14.0
640,483,2026-07-27,Red Light Face Mask,1,249.0,0.0,249.0,75.0
641,484,2026-03-10,Scalp Serum,1,59.0,0.15,50.15,14.0
642,485,2026-07-02,Red Light Face Mask,1,249.0,0.0,249.0,75.0
643,486,2026-04-10,Hair Growth System (Device),1,495.0,0.0,495.0,140.0
644,486,2026-06-07,Scalp Serum,2,59.0,0.0,118.0,14.0
645,487,2026-06-23,Hair Growth System (Device),1,495.0,0.0,495.0,140.0
646,488,2026-07-30,Hair Growth System (Device),1,495.0,0.0,495.0,140.0
647,489,2026-07-22,Hair Growth System (Device),1,495.0,0.0,495.0,140.0
648,490,2026-06-30,Red Light Face Mask,1,249.0,0.2,199.2,75.0
649,491,2026-07-06,Hair Growth System (Device),1,495.0,0.0,495.0,140.0
650,492,2026-03-07,Red Light Face Mask,1,249.0,0.1,224.1,75.0
651,492,2026-06-24,Scalp Serum,1,59.0,0.0,59.0,14.0
652,493,2026-01-23,Scalp Serum,1,59.0,0.0,59.0,14.0
653,493,2026-02-03,Replacement Cap Pads,1,39.0,0.0,39.0,9.0
654,493,2026-05-15,Scalp Serum,2,59.0,0.0,118.0,14.0
655,493,2026-06-22,Red Light Face Mask,1,249.0,0.15,211.65,75.0
656,494,2026-06-19,Scalp Serum,1,59.0,0.0,59.0,14.0
657,494,2026-07-22,Scalp Serum,1,59.0,0.15,50.15,14.0
658,495,2026-07-29,Hair Growth System (Device),1,495.0,0.0,495.0,140.0
659,496,2026-03-26,Replacement Cap Pads,1,39.0,0.2,31.2,9.0
660,496,2026-04-28,Replacement Cap Pads,2,39.0,0.0,78.0,9.0
661,497,2026-04-12,Scalp Serum,1,59.0,0.0,59.0,14.0
662,497,2026-05-27,Scalp Serum,2,59.0,0.0,118.0,14.0
663,498,2026-06-18,Scalp Serum,1,59.0,0.0,59.0,14.0
664,499,2026-06-15,Scalp Serum,1,59.0,0.0,59.0,14.0
665,500,2026-05-12,Hair Growth System (Device),1,495.0,0.2,396.0,140.0
666,501,2026-07-03,Scalp Serum,1,59.0,0.15,50.15,14.0
667,502,2026-03-09,Scalp Serum,1,59.0,0.0,59.0,14.0
668,502,2026-05-05,Scalp Serum,1,59.0,0.1,53.1,14.0
669,503,2026-05-01,Hair Growth System (Device),1,495.0,0.0,495.0,140.0
670,504,2026-07-15,Red Light Face Mask,1,249.0,0.2,199.2,75.0
671,505,2026-06-13,Hair Growth System (Device),1,495.0,0.0,495.0,140.0
672,506,2026-05-05,Scalp Serum,1,59.0,0.15,50.15,14.0
673,507,2026-07-10,Replacement Cap Pads,1,39.0,0.1,35.1,9.0
674,508,2026-06-15,Hair Growth System (Device),1,495.0,0.1,445.5,140.0
675,509,2026-03-14,Red Light Face Mask,1,249.0,0.0,249.0,75.0
676,510,2026-06-25,Red Light Face Mask,1,249.0,0.0,249.0,75.0
677,511,2026-03-20,Replacement Cap Pads,1,39.0,0.0,39.0,9.0
678,512,2026-06-18,Hair Growth System (Device),1,495.0,0.1,445.5,140.0
679,513,2026-07-30,Hair Growth System (Device),1,495.0,0.0,495.0,140.0
680,514,2026-03-21,Replacement Cap Pads,1,39.0,0.0,39.0,9.0
681,515,2026-02-08,Hair Growth System (Device),1,495.0,0.0,495.0,140.0
682,515,2026-05-03,Scalp Serum,1,59.0,0.0,59.0,14.0
683,516,2026-05-11,Hair Growth System (Device),1,495.0,0.0,495.0,140.0
684,516,2026-07-04,Scalp Serum,1,59.0,0.0,59.0,14.0
685,517,2026-05-15,Replacement Cap Pads,1,39.0,0.0,39.0,9.0
686,518,2026-05-21,Hair Growth System (Device),1,495.0,0.0,495.0,140.0
687,519,2026-07-08,Hair Growth System (Device),1,495.0,0.0,495.0,140.0
688,520,2026-04-11,Hair Growth System (Device),1,495.0,0.0,495.0,140.0
689,521,2026-06-08,Hair Growth System (Device),1,495.0,0.0,495.0,140.0
690,521,2026-07-01,Scalp Serum,1,59.0,0.0,59.0,14.0
691,522,2026-05-31,Red Light Face Mask,1,249.0,0.0,249.0,75.0
692,522,2026-07-20,Replacement Cap Pads,1,39.0,0.15,33.15,9.0
693,523,2026-06-05,Scalp Serum,1,59.0,0.2,47.2,14.0
694,524,2026-07-03,Red Light Face Mask,1,249.0,0.1,224.1,75.0
695,525,2026-04-09,Hair Growth System (Device),1,495.0,0.0,495.0,140.0
696,525,2026-05-27,Scalp Serum,1,59.0,0.0,59.0,14.0
697,526,2026-06-20,Red Light Face Mask,1,249.0,0.0,249.0,75.0
698,527,2026-01-01,Replacement Cap Pads,1,39.0,0.15,33.15,9.0
699,527,2026-02-01,Scalp Serum,1,59.0,0.0,59.0,14.0
700,527,2026-04-03,Scalp Serum,1,59.0,0.0,59.0,14.0
701,528,2026-07-30,Scalp Serum,1,59.0,0.0,59.0,14.0
702,529,2026-07-09,Scalp Serum,1,59.0,0.0,59.0,14.0
703,530,2026-06-27,Hair Growth System (Device),1,495.0,0.15,420.75,140.0
704,531,2026-03-20,Hair Growth System (Device),1,495.0,0.0,495.0,140.0
705,531,2026-05-27,Scalp Serum,1,59.0,0.0,59.0,14.0
706,531,2026-07-26,Replacement Cap Pads,1,39.0,0.0,39.0,9.0
707,532,2026-02-03,Hair Growth System (Device),1,495.0,0.0,495.0,140.0
708,533,2026-07-28,Scalp Serum,1,59.0,0.15,50.15,14.0
709,534,2026-07-25,Hair Growth System (Device),1,495.0,0.0,495.0,140.0
710,535,2026-07-10,Scalp Serum,1,59.0,0.15,50.15,14.0
711,536,2026-05-16,Scalp Serum,1,59.0,0.0,59.0,14.0
712,537,2026-06-20,Hair Growth System (Device),1,495.0,0.0,495.0,140.0
713,538,2026-03-22,Scalp Serum,1,59.0,0.0,59.0,14.0
714,539,2026-07-13,Hair Growth System (Device),1,495.0,0.0,495.0,140.0
715,540,2026-06-17,Red Light Face Mask,1,249.0,0.0,249.0,75.0
716,541,2026-02-27,Red Light Face Mask,1,249.0,0.15,211.65,75.0
717,541,2026-04-19,Scalp Serum,1,59.0,0.0,59.0,14.0
718,542,2026-07-02,Hair Growth System (Device),1,495.0,0.0,495.0,140.0
719,543,2026-05-23,Replacement Cap Pads,1,39.0,0.0,39.0,9.0
720,544,2026-07-16,Hair Growth System (Device),1,495.0,0.0,495.0,140.0
721,545,2026-07-28,Hair Growth System (Device),1,495.0,0.0,495.0,140.0
722,546,2026-07-14,Hair Growth System (Device),1,495.0,0.0,495.0,140.0
723,547,2026-07-27,Replacement Cap Pads,1,39.0,0.0,39.0,9.0
724,548,2026-04-30,Scalp Serum,1,59.0,0.0,59.0,14.0
725,548,2026-05-05,Red Light Face Mask,1,249.0,0.1,224.1,75.0
726,549,2026-03-18,Hair Growth System (Device),1,495.0,0.0,495.0,140.0
727,549,2026-05-21,Scalp Serum,1,59.0,0.0,59.0,14.0
728,549,2026-06-28,Scalp Serum,1,59.0,0.0,59.0,14.0
729,550,2026-07-19,Hair Growth System (Device),1,495.0,0.0,495.0,140.0
730,551,2026-06-16,Scalp Serum,1,59.0,0.0,59.0,14.0
731,552,2026-07-23,Red Light Face Mask,1,249.0,0.1,224.1,75.0
732,553,2026-07-30,Hair Growth System (Device),1,495.0,0.1,445.5,140.0
733,554,2026-07-21,Hair Growth System (Device),1,495.0,0.0,495.0,140.0
734,555,2026-07-17,Hair Growth System (Device),1,495.0,0.0,495.0,140.0
735,556,2026-05-07,Scalp Serum,1,59.0,0.0,59.0,14.0
736,557,2026-06-19,Hair Growth System (Device),1,495.0,0.15,420.75,140.0
737,558,2026-06-29,Red Light Face Mask,1,249.0,0.0,249.0,75.0
738,559,2026-03-05,Red Light Face Mask,1,249.0,0.0,249.0,75.0
739,559,2026-07-14,Replacement Cap Pads,1,39.0,0.0,39.0,9.0
740,560,2026-02-28,Scalp Serum,1,59.0,0.1,53.1,14.0
741,560,2026-04-09,Scalp Serum,2,59.0,0.0,118.0,14.0
742,561,2026-01-19,Scalp Serum,1,59.0,0.15,50.15,14.0
743,562,2026-07-15,Scalp Serum,1,59.0,0.0,59.0,14.0
744,563,2026-04-11,Scalp Serum,1,59.0,0.1,53.1,14.0
745,563,2026-05-23,Scalp Serum,2,59.0,0.15,100.3,14.0
746,564,2026-03-09,Hair Growth System (Device),1,495.0,0.0,495.0,140.0
747,565,2026-05-11,Red Light Face Mask,1,249.0,0.0,249.0,75.0
748,565,2026-07-07,Red Light Face Mask,1,249.0,0.0,249.0,75.0
749,566,2026-06-19,Hair Growth System (Device),1,495.0,0.0,495.0,140.0
750,567,2026-06-08,Scalp Serum,1,59.0,0.1,53.1,14.0
751,568,2026-05-06,Hair Growth System (Device),1,495.0,0.1,445.5,140.0
752,569,2026-07-22,Hair Growth System (Device),1,495.0,0.0,495.0,140.0
753,570,2026-04-09,Hair Growth System (Device),1,495.0,0.1,445.5,140.0
754,571,2026-03-16,Red Light Face Mask,1,249.0,0.0,249.0,75.0
755,571,2026-04-27,Replacement Cap Pads,1,39.0,0.0,39.0,9.0
756,572,2026-05-19,Hair Growth System (Device),1,495.0,0.0,495.0,140.0
757,573,2026-06-19,Hair Growth System (Device),1,495.0,0.0,495.0,140.0
758,574,2026-06-29,Red Light Face Mask,1,249.0,0.1,224.1,75.0
759,575,2026-02-04,Hair Growth System (Device),1,495.0,0.0,495.0,140.0
760,576,2026-06-14,Hair Growth System (Device),1,495.0,0.0,495.0,140.0
761,577,2026-06-19,Hair Growth System (Device),1,495.0,0.0,495.0,140.0
762,578,2026-04-14,Scalp Serum,1,59.0,0.0,59.0,14.0
763,578,2026-06-12,Scalp Serum,1,59.0,0.0,59.0,14.0
764,578,2026-07-18,Scalp Serum,1,59.0,0.0,59.0,14.0
765,579,2026-06-18,Hair Growth System (Device),1,495.0,0.0,495.0,140.0
766,580,2026-01-24,Hair Growth System (Device),1,495.0,0.0,495.0,140.0
767,580,2026-02-20,Scalp Serum,1,59.0,0.0,59.0,14.0
768,581,2026-05-12,Hair Growth System (Device),1,495.0,0.0,495.0,140.0
769,581,2026-06-25,Replacement Cap Pads,1,39.0,0.0,39.0,9.0
770,582,2026-06-05,Hair Growth System (Device),1,495.0,0.0,495.0,140.0
771,582,2026-07-19,Scalp Serum,1,59.0,0.0,59.0,14.0
772,583,2026-07-29,Hair Growth System (Device),1,495.0,0.0,495.0,140.0
773,584,2026-01-25,Hair Growth System (Device),1,495.0,0.0,495.0,140.0
774,584,2026-06-14,Replacement Cap Pads,2,39.0,0.0,78.0,9.0
775,585,2026-07-25,Replacement Cap Pads,1,39.0,0.0,39.0,9.0
776,586,2026-06-28,Hair Growth System (Device),1,495.0,0.0,495.0,140.0
777,587,2026-05-14,Red Light Face Mask,1,249.0,0.1,224.1,75.0
778,587,2026-06-07,Replacement Cap Pads,2,39.0,0.0,78.0,9.0
779,588,2026-03-24,Hair Growth System (Device),1,495.0,0.0,495.0,140.0
780,589,2026-07-22,Hair Growth System (Device),1,495.0,0.0,495.0,140.0
781,590,2026-05-01,Replacement Cap Pads,1,39.0,0.0,39.0,9.0
782,590,2026-06-07,Scalp Serum,1,59.0,0.0,59.0,14.0
783,591,2026-06-20,Scalp Serum,1,59.0,0.15,50.15,14.0
784,592,2026-05-20,Red Light Face Mask,1,249.0,0.2,199.2,75.0
785,593,2026-04-15,Scalp Serum,1,59.0,0.0,59.0,14.0
786,593,2026-06-12,Replacement Cap Pads,2,39.0,0.0,78.0,9.0
787,594,2026-06-15,Hair Growth System (Device),1,495.0,0.0,495.0,140.0
788,595,2026-06-21,Hair Growth System (Device),1,495.0,0.0,495.0,140.0
789,596,2026-03-20,Hair Growth System (Device),1,495.0,0.0,495.0,140.0
790,597,2026-05-05,Hair Growth System (Device),1,495.0,0.0,495.0,140.0
791,597,2026-07-23,Scalp Serum,1,59.0,0.0,59.0,14.0
792,598,2026-04-18,Scalp Serum,1,59.0,0.0,59.0,14.0
793,598,2026-05-15,Red Light Face Mask,1,249.0,0.0,249.0,75.0
794,599,2026-07-17,Red Light Face Mask,1,249.0,0.0,249.0,75.0
795,600,2026-07-20,Hair Growth System (Device),1,495.0,0.0,495.0,140.0
796,601,2026-06-02,Hair Growth System (Device),1,495.0,0.0,495.0,140.0
797,601,2026-07-26,Replacement Cap Pads,1,39.0,0.0,39.0,9.0
798,602,2026-06-17,Hair Growth System (Device),1,495.0,0.0,495.0,140.0
799,603,2026-02-19,Hair Growth System (Device),1,495.0,0.2,396.0,140.0
800,603,2026-04-09,Replacement Cap Pads,1,39.0,0.0,39.0,9.0
801,604,2026-07-05,Hair Growth System (Device),1,495.0,0.0,495.0,140.0
802,605,2026-03-13,Hair Growth System (Device),1,495.0,0.1,445.5,140.0
803,606,2026-07-15,Hair Growth System (Device),1,495.0,0.15,420.75,140.0
804,607,2026-05-08,Hair Growth System (Device),1,495.0,0.0,495.0,140.0
805,608,2026-07-26,Hair Growth System (Device),1,495.0,0.0,495.0,140.0
806,609,2026-06-28,Hair Growth System (Device),1,495.0,0.1,445.5,140.0
807,610,2026-04-16,Hair Growth System (Device),1,495.0,0.0,495.0,140.0
808,611,2026-07-11,Hair Growth System (Device),1,495.0,0.2,396.0,140.0
809,612,2026-06-23,Hair Growth System (Device),1,495.0,0.0,495.0,140.0
810,613,2026-06-01,Hair Growth System (Device),1,495.0,0.1,445.5,140.0
811,614,2026-07-17,Scalp Serum,1,59.0,0.15,50.15,14.0
812,615,2026-04-28,Hair Growth System (Device),1,495.0,0.0,495.0,140.0
813,616,2026-05-09,Replacement Cap Pads,1,39.0,0.0,39.0,9.0
814,617,2026-07-01,Hair Growth System (Device),1,495.0,0.15,420.75,140.0
815,618,2026-07-28,Hair Growth System (Device),1,495.0,0.0,495.0,140.0
816,619,2026-06-30,Hair Growth System (Device),1,495.0,0.2,396.0,140.0
817,620,2026-03-23,Hair Growth System (Device),1,495.0,0.15,420.75,140.0
818,620,2026-06-25,Scalp Serum,1,59.0,0.0,59.0,14.0
819,621,2026-06-05,Replacement Cap Pads,1,39.0,0.0,39.0,9.0
820,622,2026-01-21,Replacement Cap Pads,1,39.0,0.0,39.0,9.0
821,622,2026-04-15,Red Light Face Mask,1,249.0,0.0,249.0,75.0
822,623,2026-05-10,Hair Growth System (Device),1,495.0,0.0,495.0,140.0
823,623,2026-06-21,Red Light Face Mask,1,249.0,0.0,249.0,75.0
824,623,2026-07-13,Scalp Serum,2,59.0,0.0,118.0,14.0
825,624,2026-04-06,Hair Growth System (Device),1,495.0,0.1,445.5,140.0
826,624,2026-06-28,Red Light Face Mask,2,249.0,0.0,498.0,75.0
827,625,2026-07-26,Hair Growth System (Device),1,495.0,0.0,495.0,140.0
828,626,2026-04-22,Hair Growth System (Device),1,495.0,0.0,495.0,140.0
829,626,2026-07-21,Scalp Serum,1,59.0,0.0,59.0,14.0
830,627,2026-07-14,Hair Growth System (Device),1,495.0,0.1,445.5,140.0
831,628,2026-05-23,Hair Growth System (Device),1,495.0,0.0,495.0,140.0
832,628,2026-07-04,Scalp Serum,2,59.0,0.0,118.0,14.0
833,629,2026-05-31,Hair Growth System (Device),1,495.0,0.0,495.0,140.0
834,630,2026-06-12,Scalp Serum,1,59.0,0.0,59.0,14.0
835,631,2026-03-18,Hair Growth System (Device),1,495.0,0.1,445.5,140.0
836,632,2026-07-23,Hair Growth System (Device),1,495.0,0.1,445.5,140.0
837,633,2026-05-01,Hair Growth System (Device),1,495.0,0.0,495.0,140.0
838,634,2026-07-24,Hair Growth System (Device),1,495.0,0.0,495.0,140.0
839,635,2026-03-11,Hair Growth System (Device),1,495.0,0.0,495.0,140.0
840,636,2026-04-29,Scalp Serum,1,59.0,0.2,47.2,14.0
841,636,2026-05-06,Red Light Face Mask,1,249.0,0.0,249.0,75.0
842,636,2026-07-06,Scalp Serum,2,59.0,0.0,118.0,14.0
843,637,2026-07-05,Scalp Serum,1,59.0,0.1,53.1,14.0
844,638,2026-07-14,Hair Growth System (Device),1,495.0,0.0,495.0,140.0
845,639,2026-04-27,Hair Growth System (Device),1,495.0,0.0,495.0,140.0
846,640,2026-04-08,Red Light Face Mask,1,249.0,0.0,249.0,75.0
847,640,2026-07-23,Replacement Cap Pads,1,39.0,0.0,39.0,9.0
848,641,2026-06-27,Replacement Cap Pads,1,39.0,0.0,39.0,9.0
849,642,2026-01-11,Hair Growth System (Device),1,495.0,0.0,495.0,140.0
850,642,2026-06-26,Replacement Cap Pads,1,39.0,0.0,39.0,9.0
851,643,2026-05-15,Hair Growth System (Device),1,495.0,0.1,445.5,140.0
852,644,2026-04-16,Red Light Face Mask,1,249.0,0.15,211.65,75.0
853,645,2026-03-20,Hair Growth System (Device),1,495.0,0.0,495.0,140.0
854,646,2026-07-29,Scalp Serum,1,59.0,0.1,53.1,14.0
855,647,2026-05-09,Red Light Face Mask,1,249.0,0.0,249.0,75.0
856,648,2026-06-11,Hair Growth System (Device),1,495.0,0.2,396.0,140.0
857,649,2026-01-01,Hair Growth System (Device),1,495.0,0.0,495.0,140.0
858,650,2026-03-05,Hair Growth System (Device),1,495.0,0.0,495.0,140.0
859,651,2026-03-15,Red Light Face Mask,1,249.0,0.0,249.0,75.0
860,651,2026-04-05,Replacement Cap Pads,2,39.0,0.0,78.0,9.0
861,651,2026-05-26,Red Light Face Mask,1,249.0,0.2,199.2,75.0
862,651,2026-06-05,Scalp Serum,1,59.0,0.2,47.2,14.0
863,652,2026-07-22,Scalp Serum,1,59.0,0.1,53.1,14.0
864,653,2026-05-29,Hair Growth System (Device),1,495.0,0.0,495.0,140.0
865,653,2026-06-11,Red Light Face Mask,1,249.0,0.0,249.0,75.0
866,654,2026-05-06,Red Light Face Mask,1,249.0,0.0,249.0,75.0
867,654,2026-07-13,Scalp Serum,2,59.0,0.0,118.0,14.0
868,655,2026-05-21,Scalp Serum,1,59.0,0.0,59.0,14.0
869,656,2026-06-15,Hair Growth System (Device),1,495.0,0.0,495.0,140.0
870,657,2026-07-18,Hair Growth System (Device),1,495.0,0.0,495.0,140.0
871,658,2026-05-11,Scalp Serum,1,59.0,0.0,59.0,14.0
872,659,2026-07-08,Hair Growth System (Device),1,495.0,0.15,420.75,140.0
873,660,2026-06-05,Scalp Serum,1,59.0,0.0,59.0,14.0
874,661,2026-06-28,Hair Growth System (Device),1,495.0,0.0,495.0,140.0
875,662,2026-05-04,Scalp Serum,1,59.0,0.0,59.0,14.0
876,663,2026-04-20,Red Light Face Mask,1,249.0,0.0,249.0,75.0
877,663,2026-07-03,Scalp Serum,1,59.0,0.0,59.0,14.0
878,664,2026-02-06,Hair Growth System (Device),1,495.0,0.0,495.0,140.0
879,664,2026-05-23,Replacement Cap Pads,1,39.0,0.0,39.0,9.0
880,665,2026-05-25,Hair Growth System (Device),1,495.0,0.0,495.0,140.0
881,666,2026-04-12,Scalp Serum,1,59.0,0.15,50.15,14.0
882,666,2026-05-02,Scalp Serum,1,59.0,0.0,59.0,14.0
883,666,2026-06-02,Scalp Serum,1,59.0,0.0,59.0,14.0
884,667,2026-04-14,Hair Growth System (Device),1,495.0,0.2,396.0,140.0
885,668,2026-07-01,Replacement Cap Pads,1,39.0,0.0,39.0,9.0
886,669,2026-06-10,Scalp Serum,1,59.0,0.0,59.0,14.0
887,670,2026-07-24,Replacement Cap Pads,1,39.0,0.15,33.15,9.0
888,671,2026-04-13,Hair Growth System (Device),1,495.0,0.15,420.75,140.0
889,671,2026-07-11,Red Light Face Mask,1,249.0,0.0,249.0,75.0
890,672,2026-05-07,Hair Growth System (Device),1,495.0,0.0,495.0,140.0
891,673,2026-05-06,Hair Growth System (Device),1,495.0,0.0,495.0,140.0
892,673,2026-06-12,Scalp Serum,1,59.0,0.0,59.0,14.0
893,674,2026-07-25,Hair Growth System (Device),1,495.0,0.0,495.0,140.0
894,675,2026-07-27,Replacement Cap Pads,1,39.0,0.0,39.0,9.0
895,676,2026-01-13,Hair Growth System (Device),1,495.0,0.0,495.0,140.0
896,677,2026-01-06,Scalp Serum,1,59.0,0.0,59.0,14.0
897,678,2026-03-18,Hair Growth System (Device),1,495.0,0.1,445.5,140.0
898,678,2026-04-14,Scalp Serum,1,59.0,0.0,59.0,14.0
899,679,2026-07-13,Scalp Serum,1,59.0,0.0,59.0,14.0
900,680,2026-06-11,Hair Growth System (Device),1,495.0,0.0,495.0,140.0
901,681,2026-07-14,Hair Growth System (Device),1,495.0,0.0,495.0,140.0
902,682,2026-05-09,Hair Growth System (Device),1,495.0,0.0,495.0,140.0
903,683,2026-03-09,Hair Growth System (Device),1,495.0,0.0,495.0,140.0
904,683,2026-04-15,Red Light Face Mask,1,249.0,0.0,249.0,75.0
905,684,2026-03-25,Hair Growth System (Device),1,495.0,0.1,445.5,140.0
906,685,2026-07-26,Replacement Cap Pads,1,39.0,0.0,39.0,9.0
907,686,2026-07-27,Hair Growth System (Device),1,495.0,0.0,495.0,140.0
908,687,2026-07-07,Hair Growth System (Device),1,495.0,0.2,396.0,140.0
909,688,2026-03-30,Hair Growth System (Device),1,495.0,0.0,495.0,140.0
910,688,2026-05-13,Scalp Serum,1,59.0,0.0,59.0,14.0
911,688,2026-07-11,Scalp Serum,1,59.0,0.15,50.15,14.0
912,689,2026-03-17,Hair Growth System (Device),1,495.0,0.0,495.0,140.0
913,690,2026-07-25,Hair Growth System (Device),1,495.0,0.15,420.75,140.0
914,691,2026-07-27,Hair Growth System (Device),1,495.0,0.0,495.0,140.0
915,692,2026-07-22,Hair Growth System (Device),1,495.0,0.15,420.75,140.0
916,693,2026-06-08,Hair Growth System (Device),1,495.0,0.0,495.0,140.0
917,694,2026-07-02,Hair Growth System (Device),1,495.0,0.2,396.0,140.0
918,695,2026-03-28,Red Light Face Mask,1,249.0,0.15,211.65,75.0
919,695,2026-04-25,Scalp Serum,1,59.0,0.15,50.15,14.0
920,695,2026-05-04,Scalp Serum,2,59.0,0.0,118.0,14.0
921,696,2026-06-27,Replacement Cap Pads,1,39.0,0.0,39.0,9.0
922,696,2026-07-26,Scalp Serum,1,59.0,0.0,59.0,14.0
923,697,2026-05-22,Hair Growth System (Device),1,495.0,0.0,495.0,140.0
924,698,2026-02-11,Replacement Cap Pads,1,39.0,0.0,39.0,9.0
925,698,2026-03-06,Scalp Serum,1,59.0,0.0,59.0,14.0
926,698,2026-06-26,Red Light Face Mask,2,249.0,0.0,498.0,75.0
927,699,2026-05-20,Replacement Cap Pads,1,39.0,0.0,39.0,9.0
928,699,2026-06-25,Replacement Cap Pads,1,39.0,0.15,33.15,9.0
929,700,2026-05-16,Replacement Cap Pads,1,39.0,0.15,33.15,9.0
930,701,2026-05-10,Hair Growth System (Device),1,495.0,0.0,495.0,140.0
931,702,2026-06-10,Hair Growth System (Device),1,495.0,0.0,495.0,140.0
932,703,2026-05-22,Hair Growth System (Device),1,495.0,0.0,495.0,140.0
933,704,2026-01-30,Scalp Serum,1,59.0,0.0,59.0,14.0
934,704,2026-04-17,Scalp Serum,1,59.0,0.0,59.0,14.0
935,705,2026-05-04,Replacement Cap Pads,1,39.0,0.0,39.0,9.0
936,706,2026-02-27,Scalp Serum,1,59.0,0.0,59.0,14.0
937,706,2026-05-10,Scalp Serum,1,59.0,0.0,59.0,14.0
938,707,2026-07-29,Hair Growth System (Device),1,495.0,0.1,445.5,140.0
939,708,2026-05-19,Red Light Face Mask,1,249.0,0.2,199.2,75.0
940,709,2026-05-20,Scalp Serum,1,59.0,0.0,59.0,14.0
941,709,2026-06-06,Scalp Serum,1,59.0,0.1,53.1,14.0
942,710,2026-07-28,Scalp Serum,1,59.0,0.15,50.15,14.0
943,711,2026-07-22,Hair Growth System (Device),1,495.0,0.0,495.0,140.0
944,712,2026-04-26,Hair Growth System (Device),1,495.0,0.0,495.0,140.0
945,713,2026-06-06,Replacement Cap Pads,1,39.0,0.0,39.0,9.0
946,714,2026-01-14,Replacement Cap Pads,1,39.0,0.0,39.0,9.0
947,715,2026-06-16,Hair Growth System (Device),1,495.0,0.0,495.0,140.0
948,716,2026-04-06,Red Light Face Mask,1,249.0,0.1,224.1,75.0
949,716,2026-05-14,Red Light Face Mask,1,249.0,0.0,249.0,75.0
950,716,2026-07-19,Scalp Serum,1,59.0,0.0,59.0,14.0
951,717,2026-05-26,Hair Growth System (Device),1,495.0,0.0,495.0,140.0
952,718,2026-05-25,Hair Growth System (Device),1,495.0,0.0,495.0,140.0
953,719,2026-06-19,Hair Growth System (Device),1,495.0,0.0,495.0,140.0
954,720,2026-05-11,Scalp Serum,1,59.0,0.15,50.15,14.0
955,720,2026-07-23,Scalp Serum,1,59.0,0.0,59.0,14.0
956,721,2026-05-20,Red Light Face Mask,1,249.0,0.15,211.65,75.0
957,722,2026-06-08,Hair Growth System (Device),1,495.0,0.0,495.0,140.0
958,723,2026-03-07,Replacement Cap Pads,1,39.0,0.1,35.1,9.0
959,723,2026-04-02,Scalp Serum,2,59.0,0.0,118.0,14.0
960,723,2026-06-12,Scalp Serum,1,59.0,0.0,59.0,14.0
961,724,2026-05-16,Red Light Face Mask,1,249.0,0.0,249.0,75.0
962,725,2026-01-27,Hair Growth System (Device),1,495.0,0.0,495.0,140.0
963,726,2026-07-16,Hair Growth System (Device),1,495.0,0.0,495.0,140.0
964,727,2026-05-26,Scalp Serum,1,59.0,0.0,59.0,14.0
965,727,2026-07-08,Scalp Serum,1,59.0,0.0,59.0,14.0
966,728,2026-06-28,Scalp Serum,1,59.0,0.0,59.0,14.0
967,728,2026-07-19,Red Light Face Mask,1,249.0,0.0,249.0,75.0
968,729,2026-07-08,Scalp Serum,1,59.0,0.1,53.1,14.0
969,730,2026-03-15,Hair Growth System (Device),1,495.0,0.0,495.0,140.0
970,731,2026-07-29,Red Light Face Mask,1,249.0,0.0,249.0,75.0
971,732,2026-03-16,Hair Growth System (Device),1,495.0,0.0,495.0,140.0
972,733,2026-05-20,Hair Growth System (Device),1,495.0,0.0,495.0,140.0
973,734,2026-07-12,Scalp Serum,1,59.0,0.0,59.0,14.0
974,735,2026-07-21,Red Light Face Mask,1,249.0,0.0,249.0,75.0
975,736,2026-05-14,Hair Growth System (Device),1,495.0,0.0,495.0,140.0
976,737,2026-05-23,Replacement Cap Pads,1,39.0,0.0,39.0,9.0
977,737,2026-07-10,Scalp Serum,1,59.0,0.0,59.0,14.0
978,738,2026-06-16,Hair Growth System (Device),1,495.0,0.1,445.5,140.0
979,739,2026-05-16,Replacement Cap Pads,1,39.0,0.0,39.0,9.0
980,740,2026-07-03,Hair Growth System (Device),1,495.0,0.0,495.0,140.0
981,741,2026-06-08,Red Light Face Mask,1,249.0,0.1,224.1,75.0
982,742,2026-06-04,Hair Growth System (Device),1,495.0,0.0,495.0,140.0
983,743,2026-05-11,Hair Growth System (Device),1,495.0,0.1,445.5,140.0
984,744,2026-01-27,Red Light Face Mask,1,249.0,0.0,249.0,75.0
985,744,2026-03-12,Scalp Serum,1,59.0,0.0,59.0,14.0
986,745,2026-05-14,Hair Growth System (Device),1,495.0,0.0,495.0,140.0
987,746,2026-06-25,Hair Growth System (Device),1,495.0,0.1,445.5,140.0
988,747,2026-04-20,Scalp Serum,1,59.0,0.0,59.0,14.0
989,748,2026-07-07,Hair Growth System (Device),1,495.0,0.0,495.0,140.0
990,749,2026-07-15,Hair Growth System (Device),1,495.0,0.0,495.0,140.0
991,750,2026-04-11,Hair Growth System (Device),1,495.0,0.1,445.5,140.0
992,751,2026-07-05,Hair Growth System (Device),1,495.0,0.0,495.0,140.0
993,752,2026-06-14,Scalp Serum,1,59.0,0.0,59.0,14.0
994,753,2026-07-21,Scalp Serum,1,59.0,0.0,59.0,14.0
995,754,2026-06-01,Hair Growth System (Device),1,495.0,0.0,495.0,140.0
996,755,2026-07-07,Scalp Serum,1,59.0,0.0,59.0,14.0
997,756,2026-05-15,Hair Growth System (Device),1,495.0,0.0,495.0,140.0
998,757,2026-06-09,Hair Growth System (Device),1,495.0,0.0,495.0,140.0
999,758,2026-04-05,Hair Growth System (Device),1,495.0,0.0,495.0,140.0
1000,758,2026-07-19,Scalp Serum,1,59.0,0.0,59.0,14.0
1001,759,2026-02-01,Red Light Face Mask,1,249.0,0.0,249.0,75.0
1002,759,2026-05-18,Replacement Cap Pads,2,39.0,0.0,78.0,9.0
1003,759,2026-07-02,Scalp Serum,1,59.0,0.0,59.0,14.0
1004,760,2026-05-30,Scalp Serum,1,59.0,0.0,59.0,14.0
1005,761,2026-01-08,Hair Growth System (Device),1,495.0,0.0,495.0,140.0
1006,761,2026-04-26,Replacement Cap Pads,1,39.0,0.0,39.0,9.0
1007,762,2026-05-26,Scalp Serum,1,59.0,0.0,59.0,14.0
1008,763,2026-07-13,Hair Growth System (Device),1,495.0,0.0,495.0,140.0
1009,764,2026-03-05,Hair Growth System (Device),1,495.0,0.0,495.0,140.0
1010,765,2026-07-14,Hair Growth System (Device),1,495.0,0.0,495.0,140.0
1011,766,2026-04-10,Hair Growth System (Device),1,495.0,0.0,495.0,140.0
1012,766,2026-05-21,Scalp Serum,1,59.0,0.0,59.0,14.0
1013,767,2026-06-20,Hair Growth System (Device),1,495.0,0.0,495.0,140.0
1014,768,2026-07-27,Replacement Cap Pads,1,39.0,0.0,39.0,9.0
1015,769,2026-03-18,Hair Growth System (Device),1,495.0,0.0,495.0,140.0
1016,769,2026-06-24,Replacement Cap Pads,1,39.0,0.0,39.0,9.0
1017,770,2026-04-10,Replacement Cap Pads,1,39.0,0.1,35.1,9.0
1018,771,2026-06-28,Hair Growth System (Device),1,495.0,0.0,495.0,140.0
1019,772,2026-07-19,Hair Growth System (Device),1,495.0,0.0,495.0,140.0
1020,773,2026-04-09,Replacement Cap Pads,1,39.0,0.0,39.0,9.0
1021,773,2026-05-03,Scalp Serum,1,59.0,0.0,59.0,14.0
1022,774,2026-06-16,Hair Growth System (Device),1,495.0,0.0,495.0,140.0
1023,775,2026-07-30,Red Light Face Mask,1,249.0,0.0,249.0,75.0
1024,776,2026-06-08,Red Light Face Mask,1,249.0,0.0,249.0,75.0
1025,777,2026-06-24,Scalp Serum,1,59.0,0.0,59.0,14.0
1026,778,2026-04-21,Replacement Cap Pads,1,39.0,0.0,39.0,9.0
1027,778,2026-06-06,Scalp Serum,2,59.0,0.0,118.0,14.0
1028,779,2026-06-20,Hair Growth System (Device),1,495.0,0.0,495.0,140.0
1029,780,2026-04-02,Hair Growth System (Device),1,495.0,0.0,495.0,140.0
1030,781,2026-02-20,Red Light Face Mask,1,249.0,0.0,249.0,75.0
1031,782,2026-04-30,Hair Growth System (Device),1,495.0,0.0,495.0,140.0
1032,783,2026-05-29,Hair Growth System (Device),1,495.0,0.0,495.0,140.0
1033,784,2026-05-15,Hair Growth System (Device),1,495.0,0.15,420.75,140.0
1034,785,2026-07-30,Red Light Face Mask,1,249.0,0.0,249.0,75.0
1035,786,2026-06-28,Scalp Serum,1,59.0,0.0,59.0,14.0
1036,787,2026-05-26,Hair Growth System (Device),1,495.0,0.0,495.0,140.0
1037,787,2026-06-14,Scalp Serum,2,59.0,0.1,106.2,14.0
1038,788,2026-04-26,Replacement Cap Pads,1,39.0,0.0,39.0,9.0
1039,789,2026-06-07,Hair Growth System (Device),1,495.0,0.0,495.0,140.0
1040,790,2026-07-01,Scalp Serum,1,59.0,0.0,59.0,14.0
1041,791,2026-07-21,Hair Growth System (Device),1,495.0,0.0,495.0,140.0
1042,792,2026-06-20,Replacement Cap Pads,1,39.0,0.0,39.0,9.0
1043,793,2026-07-16,Replacement Cap Pads,1,39.0,0.1,35.1,9.0
1044,794,2026-05-09,Scalp Serum,1,59.0,0.15,50.15,14.0
1045,794,2026-07-24,Scalp Serum,1,59.0,0.0,59.0,14.0
1046,795,2026-03-14,Hair Growth System (Device),1,495.0,0.2,396.0,140.0
1047,795,2026-04-18,Replacement Cap Pads,1,39.0,0.0,39.0,9.0
1048,795,2026-07-12,Scalp Serum,1,59.0,0.0,59.0,14.0
1049,796,2026-06-10,Hair Growth System (Device),1,495.0,0.15,420.75,140.0
1050,797,2026-04-04,Replacement Cap Pads,1,39.0,0.0,39.0,9.0
1051,797,2026-05-20,Replacement Cap Pads,2,39.0,0.0,78.0,9.0
1052,798,2026-06-03,Hair Growth System (Device),1,495.0,0.1,445.5,140.0
1053,799,2026-03-23,Scalp Serum,1,59.0,0.0,59.0,14.0
1054,799,2026-05-01,Scalp Serum,1,59.0,0.0,59.0,14.0
1055,799,2026-06-08,Scalp Serum,2,59.0,0.0,118.0,14.0
1056,800,2026-07-29,Hair Growth System (Device),1,495.0,0.0,495.0,140.0
1057,801,2026-03-21,Hair Growth System (Device),1,495.0,0.0,495.0,140.0
1058,802,2026-03-01,Hair Growth System (Device),1,495.0,0.0,495.0,140.0
1059,803,2026-04-29,Hair Growth System (Device),1,495.0,0.0,495.0,140.0
1060,803,2026-07-14,Scalp Serum,2,59.0,0.0,118.0,14.0
1061,804,2026-04-07,Replacement Cap Pads,1,39.0,0.0,39.0,9.0
1062,805,2026-03-25,Red Light Face Mask,1,249.0,0.0,249.0,75.0
1063,805,2026-04-02,Scalp Serum,1,59.0,0.1,53.1,14.0
1064,806,2026-03-17,Red Light Face Mask,1,249.0,0.0,249.0,75.0
1065,807,2026-05-19,Hair Growth System (Device),1,495.0,0.0,495.0,140.0
1066,808,2026-06-04,Hair Growth System (Device),1,495.0,0.0,495.0,140.0
1067,809,2026-07-19,Scalp Serum,1,59.0,0.0,59.0,14.0
1068,810,2026-01-29,Hair Growth System (Device),1,495.0,0.0,495.0,140.0
1069,811,2026-04-11,Scalp Serum,1,59.0,0.0,59.0,14.0
1070,811,2026-06-25,Red Light Face Mask,1,249.0,0.0,249.0,75.0
1071,812,2026-03-09,Hair Growth System (Device),1,495.0,0.0,495.0,140.0
1072,812,2026-06-27,Red Light Face Mask,2,249.0,0.0,498.0,75.0
1073,813,2026-01-14,Hair Growth System (Device),1,495.0,0.0,495.0,140.0
1074,813,2026-05-08,Scalp Serum,1,59.0,0.0,59.0,14.0
1075,814,2026-06-12,Red Light Face Mask,1,249.0,0.15,211.65,75.0
1076,814,2026-07-13,Scalp Serum,1,59.0,0.0,59.0,14.0
1077,815,2026-07-30,Hair Growth System (Device),1,495.0,0.0,495.0,140.0
1078,816,2026-05-07,Scalp Serum,1,59.0,0.1,53.1,14.0
1079,817,2026-07-22,Replacement Cap Pads,1,39.0,0.0,39.0,9.0
1080,818,2026-06-29,Hair Growth System (Device),1,495.0,0.0,495.0,140.0
1081,819,2026-06-12,Hair Growth System (Device),1,495.0,0.2,396.0,140.0
1082,820,2026-06-20,Red Light Face Mask,1,249.0,0.0,249.0,75.0
1083,821,2026-04-17,Hair Growth System (Device),1,495.0,0.0,495.0,140.0
1084,821,2026-05-02,Replacement Cap Pads,1,39.0,0.0,39.0,9.0
1085,822,2026-07-30,Replacement Cap Pads,1,39.0,0.0,39.0,9.0
1086,823,2026-01-30,Replacement Cap Pads,1,39.0,0.0,39.0,9.0
1087,823,2026-06-04,Scalp Serum,2,59.0,0.0,118.0,14.0
1088,824,2026-05-11,Replacement Cap Pads,1,39.0,0.0,39.0,9.0
1089,824,2026-07-21,Replacement Cap Pads,1,39.0,0.0,39.0,9.0
1090,825,2026-03-24,Hair Growth System (Device),1,495.0,0.0,495.0,140.0
1091,825,2026-05-02,Scalp Serum,1,59.0,0.15,50.15,14.0
1092,826,2026-04-26,Hair Growth System (Device),1,495.0,0.1,445.5,140.0
1093,827,2026-04-20,Hair Growth System (Device),1,495.0,0.0,495.0,140.0
1094,828,2026-07-12,Hair Growth System (Device),1,495.0,0.0,495.0,140.0
1095,829,2026-03-14,Replacement Cap Pads,1,39.0,0.2,31.2,9.0
1096,829,2026-04-25,Scalp Serum,2,59.0,0.0,118.0,14.0
1097,829,2026-05-01,Replacement Cap Pads,1,39.0,0.0,39.0,9.0
1098,830,2026-04-05,Hair Growth System (Device),1,495.0,0.0,495.0,140.0
1099,831,2026-06-02,Red Light Face Mask,1,249.0,0.15,211.65,75.0
1100,832,2026-04-25,Scalp Serum,1,59.0,0.0,59.0,14.0
1101,833,2026-04-07,Hair Growth System (Device),1,495.0,0.0,495.0,140.0
1102,834,2026-01-12,Scalp Serum,1,59.0,0.0,59.0,14.0
1103,834,2026-06-14,Scalp Serum,1,59.0,0.0,59.0,14.0
1104,835,2026-07-12,Red Light Face Mask,1,249.0,0.0,249.0,75.0
1105,836,2026-03-05,Hair Growth System (Device),1,495.0,0.0,495.0,140.0
1106,836,2026-07-23,Red Light Face Mask,1,249.0,0.0,249.0,75.0
1107,837,2026-03-09,Hair Growth System (Device),1,495.0,0.15,420.75,140.0
1108,837,2026-04-01,Scalp Serum,1,59.0,0.0,59.0,14.0
1109,838,2026-07-29,Scalp Serum,1,59.0,0.0,59.0,14.0
1110,839,2026-03-08,Hair Growth System (Device),1,495.0,0.0,495.0,140.0
1111,840,2026-04-24,Red Light Face Mask,1,249.0,0.0,249.0,75.0
1112,841,2026-07-01,Scalp Serum,1,59.0,0.1,53.1,14.0
1113,842,2026-02-15,Replacement Cap Pads,1,39.0,0.0,39.0,9.0
1114,842,2026-04-07,Red Light Face Mask,1,249.0,0.15,211.65,75.0
1115,843,2026-05-07,Hair Growth System (Device),1,495.0,0.0,495.0,140.0
1116,844,2026-07-17,Hair Growth System (Device),1,495.0,0.0,495.0,140.0
1117,845,2026-04-01,Hair Growth System (Device),1,495.0,0.1,445.5,140.0
1118,846,2026-04-21,Hair Growth System (Device),1,495.0,0.0,495.0,140.0
1119,846,2026-06-18,Scalp Serum,1,59.0,0.0,59.0,14.0
1120,847,2026-07-08,Replacement Cap Pads,1,39.0,0.0,39.0,9.0
1121,848,2026-03-12,Hair Growth System (Device),1,495.0,0.15,420.75,140.0
1122,849,2026-07-24,Hair Growth System (Device),1,495.0,0.0,495.0,140.0
1123,850,2026-06-12,Scalp Serum,1,59.0,0.0,59.0,14.0
1124,850,2026-07-23,Scalp Serum,1,59.0,0.0,59.0,14.0
1125,851,2026-03-31,Hair Growth System (Device),1,495.0,0.0,495.0,140.0
1126,852,2026-02-05,Hair Growth System (Device),1,495.0,0.0,495.0,140.0
1127,853,2026-03-18,Scalp Serum,1,59.0,0.0,59.0,14.0
1128,854,2026-05-16,Replacement Cap Pads,1,39.0,0.0,39.0,9.0
1129,855,2026-04-29,Scalp Serum,1,59.0,0.0,59.0,14.0
1130,856,2026-07-04,Red Light Face Mask,1,249.0,0.0,249.0,75.0
1131,857,2026-07-28,Hair Growth System (Device),1,495.0,0.0,495.0,140.0
1132,858,2026-06-02,Hair Growth System (Device),1,495.0,0.2,396.0,140.0
1133,859,2026-06-21,Hair Growth System (Device),1,495.0,0.0,495.0,140.0
1134,859,2026-07-10,Scalp Serum,1,59.0,0.15,50.15,14.0
1135,860,2026-06-23,Red Light Face Mask,1,249.0,0.0,249.0,75.0
1136,861,2026-06-07,Replacement Cap Pads,1,39.0,0.0,39.0,9.0
1137,862,2026-06-19,Replacement Cap Pads,1,39.0,0.0,39.0,9.0
1138,863,2026-07-14,Red Light Face Mask,1,249.0,0.0,249.0,75.0
1139,864,2026-05-28,Scalp Serum,1,59.0,0.0,59.0,14.0
1140,864,2026-07-15,Replacement Cap Pads,2,39.0,0.15,66.3,9.0
1141,865,2026-01-18,Hair Growth System (Device),1,495.0,0.0,495.0,140.0
1142,866,2026-03-01,Scalp Serum,1,59.0,0.0,59.0,14.0
1143,866,2026-07-25,Red Light Face Mask,1,249.0,0.0,249.0,75.0
1144,867,2026-03-04,Red Light Face Mask,1,249.0,0.1,224.1,75.0
1145,867,2026-07-23,Scalp Serum,2,59.0,0.0,118.0,14.0
1146,868,2026-07-28,Hair Growth System (Device),1,495.0,0.1,445.5,140.0
1147,869,2026-05-15,Hair Growth System (Device),1,495.0,0.0,495.0,140.0
1148,870,2026-07-11,Hair Growth System (Device),1,495.0,0.0,495.0,140.0
1149,871,2026-06-18,Replacement Cap Pads,1,39.0,0.0,39.0,9.0
1150,872,2026-06-20,Hair Growth System (Device),1,495.0,0.0,495.0,140.0
1151,873,2026-07-11,Hair Growth System (Device),1,495.0,0.0,495.0,140.0
1152,874,2026-05-02,Hair Growth System (Device),1,495.0,0.0,495.0,140.0
1153,875,2026-06-28,Hair Growth System (Device),1,495.0,0.0,495.0,140.0
1154,876,2026-03-07,Red Light Face Mask,1,249.0,0.1,224.1,75.0
1155,876,2026-05-18,Scalp Serum,1,59.0,0.0,59.0,14.0
1156,877,2026-05-06,Hair Growth System (Device),1,495.0,0.0,495.0,140.0
1157,877,2026-06-06,Scalp Serum,2,59.0,0.0,118.0,14.0
1158,877,2026-07-17,Replacement Cap Pads,2,39.0,0.0,78.0,9.0
1159,878,2026-06-06,Red Light Face Mask,1,249.0,0.0,249.0,75.0
1160,879,2026-07-19,Hair Growth System (Device),1,495.0,0.2,396.0,140.0
1161,880,2026-07-01,Hair Growth System (Device),1,495.0,0.0,495.0,140.0
1162,881,2026-04-04,Hair Growth System (Device),1,495.0,0.0,495.0,140.0
1163,882,2026-04-08,Hair Growth System (Device),1,495.0,0.15,420.75,140.0
1164,882,2026-06-03,Replacement Cap Pads,1,39.0,0.0,39.0,9.0
1165,882,2026-07-02,Replacement Cap Pads,2,39.0,0.0,78.0,9.0
1166,883,2026-05-03,Hair Growth System (Device),1,495.0,0.0,495.0,140.0
1167,884,2026-06-17,Hair Growth System (Device),1,495.0,0.0,495.0,140.0
1168,885,2026-07-19,Scalp Serum,1,59.0,0.0,59.0,14.0
1169,886,2026-05-30,Hair Growth System (Device),1,495.0,0.0,495.0,140.0
1170,887,2026-07-01,Hair Growth System (Device),1,495.0,0.0,495.0,140.0
1171,888,2026-06-11,Scalp Serum,1,59.0,0.0,59.0,14.0
1172,888,2026-07-28,Scalp Serum,2,59.0,0.0,118.0,14.0
1173,889,2026-07-21,Scalp Serum,1,59.0,0.0,59.0,14.0
1174,890,2026-07-10,Scalp Serum,1,59.0,0.0,59.0,14.0
1175,891,2026-06-14,Red Light Face Mask,1,249.0,0.0,249.0,75.0
1176,892,2026-05-17,Red Light Face Mask,1,249.0,0.15,211.65,75.0
1177,893,2026-04-16,Red Light Face Mask,1,249.0,0.0,249.0,75.0
1178,893,2026-06-22,Red Light Face Mask,1,249.0,0.0,249.0,75.0
1179,893,2026-07-08,Scalp Serum,1,59.0,0.15,50.15,14.0
1180,894,2026-04-25,Red Light Face Mask,1,249.0,0.0,249.0,75.0
1181,894,2026-06-13,Scalp Serum,1,59.0,0.0,59.0,14.0
1182,895,2026-06-13,Hair Growth System (Device),1,495.0,0.0,495.0,140.0
1183,896,2026-07-13,Red Light Face Mask,1,249.0,0.0,249.0,75.0
1184,897,2026-07-01,Hair Growth System (Device),1,495.0,0.0,495.0,140.0
1185,898,2026-04-07,Hair Growth System (Device),1,495.0,0.0,495.0,140.0
1186,899,2026-07-22,Hair Growth System (Device),1,495.0,0.0,495.0,140.0
1187,900,2026-07-28,Hair Growth System (Device),1,495.0,0.2,396.0,140.0
1188,901,2026-06-18,Hair Growth System (Device),1,495.0,0.0,495.0,140.0
1189,902,2026-06-08,Red Light Face Mask,1,249.0,0.0,249.0,75.0
1190,903,2026-06-27,Scalp Serum,1,59.0,0.0,59.0,14.0
1191,903,2026-07-02,Replacement Cap Pads,1,39.0,0.1,35.1,9.0
1192,904,2026-06-04,Hair Growth System (Device),1,495.0,0.0,495.0,140.0
1193,905,2026-01-24,Hair Growth System (Device),1,495.0,0.0,495.0,140.0
1194,905,2026-02-22,Scalp Serum,1,59.0,0.0,59.0,14.0
1195,906,2026-01-31,Hair Growth System (Device),1,495.0,0.0,495.0,140.0
1196,906,2026-03-21,Replacement Cap Pads,1,39.0,0.1,35.1,9.0
1197,906,2026-07-17,Scalp Serum,2,59.0,0.0,118.0,14.0
1198,907,2026-04-23,Hair Growth System (Device),1,495.0,0.0,495.0,140.0
1199,908,2026-06-25,Hair Growth System (Device),1,495.0,0.0,495.0,140.0
1200,909,2026-02-07,Red Light Face Mask,1,249.0,0.0,249.0,75.0
1201,909,2026-05-11,Replacement Cap Pads,2,39.0,0.0,78.0,9.0
1202,910,2026-07-01,Red Light Face Mask,1,249.0,0.0,249.0,75.0
1203,911,2026-06-08,Replacement Cap Pads,1,39.0,0.0,39.0,9.0
1204,912,2026-07-08,Hair Growth System (Device),1,495.0,0.0,495.0,140.0
1205,913,2026-07-23,Red Light Face Mask,1,249.0,0.0,249.0,75.0
1206,914,2026-07-28,Scalp Serum,1,59.0,0.0,59.0,14.0
1207,915,2026-01-25,Red Light Face Mask,1,249.0,0.0,249.0,75.0
1208,915,2026-04-12,Replacement Cap Pads,1,39.0,0.0,39.0,9.0
1209,915,2026-05-06,Replacement Cap Pads,1,39.0,0.0,39.0,9.0
1210,916,2026-07-06,Hair Growth System (Device),1,495.0,0.0,495.0,140.0
1211,917,2026-07-21,Red Light Face Mask,1,249.0,0.0,249.0,75.0
1212,918,2026-07-03,Replacement Cap Pads,1,39.0,0.0,39.0,9.0
1213,919,2026-07-05,Hair Growth System (Device),1,495.0,0.0,495.0,140.0
1214,920,2026-03-30,Hair Growth System (Device),1,495.0,0.0,495.0,140.0
1215,921,2026-03-29,Red Light Face Mask,1,249.0,0.0,249.0,75.0
1216,922,2026-05-19,Scalp Serum,1,59.0,0.0,59.0,14.0
1217,923,2026-06-11,Scalp Serum,1,59.0,0.0,59.0,14.0
1218,924,2026-06-27,Red Light Face Mask,1,249.0,0.2,199.2,75.0
1219,924,2026-07-28,Red Light Face Mask,1,249.0,0.0,249.0,75.0
1220,925,2026-04-30,Red Light Face Mask,1,249.0,0.0,249.0,75.0
1221,926,2026-06-15,Scalp Serum,1,59.0,0.0,59.0,14.0
1222,927,2026-06-09,Red Light Face Mask,1,249.0,0.0,249.0,75.0
1223,928,2026-04-29,Scalp Serum,1,59.0,0.1,53.1,14.0
1224,928,2026-07-12,Scalp Serum,2,59.0,0.0,118.0,14.0
1225,929,2026-02-25,Hair Growth System (Device),1,495.0,0.2,396.0,140.0
1226,929,2026-04-03,Replacement Cap Pads,1,39.0,0.1,35.1,9.0
1227,930,2026-03-05,Hair Growth System (Device),1,495.0,0.0,495.0,140.0
1228,931,2026-05-02,Hair Growth System (Device),1,495.0,0.0,495.0,140.0
1229,932,2026-07-03,Scalp Serum,1,59.0,0.0,59.0,14.0
1230,933,2026-07-11,Scalp Serum,1,59.0,0.0,59.0,14.0
1231,934,2026-06-22,Hair Growth System (Device),1,495.0,0.15,420.75,140.0
1232,935,2026-06-15,Hair Growth System (Device),1,495.0,0.0,495.0,140.0
1233,936,2026-06-24,Replacement Cap Pads,1,39.0,0.0,39.0,9.0
1234,937,2026-07-25,Hair Growth System (Device),1,495.0,0.2,396.0,140.0
1235,938,2026-04-23,Hair Growth System (Device),1,495.0,0.0,495.0,140.0
1236,939,2026-05-10,Hair Growth System (Device),1,495.0,0.0,495.0,140.0
1237,939,2026-07-01,Scalp Serum,1,59.0,0.0,59.0,14.0
1238,940,2026-02-14,Hair Growth System (Device),1,495.0,0.0,495.0,140.0
1239,940,2026-05-06,Replacement Cap Pads,1,39.0,0.1,35.1,9.0
1240,941,2026-07-25,Red Light Face Mask,1,249.0,0.0,249.0,75.0
1241,942,2026-06-04,Hair Growth System (Device),1,495.0,0.0,495.0,140.0
1242,943,2026-06-22,Hair Growth System (Device),1,495.0,0.0,495.0,140.0
1243,944,2026-05-18,Scalp Serum,1,59.0,0.0,59.0,14.0
1244,945,2026-06-26,Scalp Serum,1,59.0,0.0,59.0,14.0
1245,946,2026-06-19,Replacement Cap Pads,1,39.0,0.1,35.1,9.0
1246,947,2026-03-24,Red Light Face Mask,1,249.0,0.0,249.0,75.0
1247,947,2026-06-09,Scalp Serum,1,59.0,0.0,59.0,14.0
1248,948,2026-03-04,Hair Growth System (Device),1,495.0,0.1,445.5,140.0
1249,949,2026-06-07,Hair Growth System (Device),1,495.0,0.2,396.0,140.0
1250,950,2026-04-18,Red Light Face Mask,1,249.0,0.0,249.0,75.0
1251,951,2026-05-19,Scalp Serum,1,59.0,0.0,59.0,14.0
1252,952,2026-06-04,Hair Growth System (Device),1,495.0,0.0,495.0,140.0
1253,953,2026-07-03,Hair Growth System (Device),1,495.0,0.0,495.0,140.0
1254,954,2026-02-26,Hair Growth System (Device),1,495.0,0.2,396.0,140.0
1255,954,2026-05-16,Scalp Serum,1,59.0,0.0,59.0,14.0
1256,955,2026-04-26,Scalp Serum,1,59.0,0.0,59.0,14.0
1257,956,2026-05-20,Red Light Face Mask,1,249.0,0.0,249.0,75.0
1258,957,2026-05-26,Hair Growth System (Device),1,495.0,0.0,495.0,140.0
1259,958,2026-05-12,Hair Growth System (Device),1,495.0,0.0,495.0,140.0
1260,959,2026-07-26,Hair Growth System (Device),1,495.0,0.0,495.0,140.0
1261,960,2026-07-21,Hair Growth System (Device),1,495.0,0.0,495.0,140.0
1262,961,2026-05-09,Hair Growth System (Device),1,495.0,0.0,495.0,140.0
1263,962,2026-06-07,Red Light Face Mask,1,249.0,0.1,224.1,75.0
1264,963,2026-06-12,Replacement Cap Pads,1,39.0,0.0,39.0,9.0
1265,964,2026-04-27,Hair Growth System (Device),1,495.0,0.15,420.75,140.0
1266,964,2026-05-09,Red Light Face Mask,1,249.0,0.0,249.0,75.0
1267,964,2026-07-26,Red Light Face Mask,1,249.0,0.0,249.0,75.0
1268,965,2026-05-04,Hair Growth System (Device),1,495.0,0.0,495.0,140.0
1269,966,2026-06-01,Hair Growth System (Device),1,495.0,0.0,495.0,140.0
1270,967,2026-07-12,Hair Growth System (Device),1,495.0,0.0,495.0,140.0
1271,968,2026-07-08,Hair Growth System (Device),1,495.0,0.0,495.0,140.0
1272,969,2026-07-23,Hair Growth System (Device),1,495.0,0.0,495.0,140.0
1273,970,2026-06-06,Replacement Cap Pads,1,39.0,0.0,39.0,9.0
1274,971,2026-03-08,Hair Growth System (Device),1,495.0,0.0,495.0,140.0
1275,971,2026-04-26,Scalp Serum,2,59.0,0.0,118.0,14.0
1276,972,2026-05-02,Hair Growth System (Device),1,495.0,0.1,445.5,140.0
1277,973,2026-03-08,Red Light Face Mask,1,249.0,0.0,249.0,75.0
1278,974,2026-04-29,Hair Growth System (Device),1,495.0,0.0,495.0,140.0
1279,975,2026-04-27,Red Light Face Mask,1,249.0,0.1,224.1,75.0
1280,976,2026-05-08,Hair Growth System (Device),1,495.0,0.0,495.0,140.0
1281,976,2026-06-23,Scalp Serum,2,59.0,0.2,94.4,14.0
1282,976,2026-07-01,Red Light Face Mask,1,249.0,0.0,249.0,75.0
1283,977,2026-01-15,Replacement Cap Pads,1,39.0,0.0,39.0,9.0
1284,977,2026-06-27,Red Light Face Mask,1,249.0,0.0,249.0,75.0
1285,978,2026-07-01,Hair Growth System (Device),1,495.0,0.0,495.0,140.0
1286,979,2026-03-19,Hair Growth System (Device),1,495.0,0.0,495.0,140.0
1287,980,2026-05-24,Hair Growth System (Device),1,495.0,0.0,495.0,140.0
1288,981,2026-06-06,Hair Growth System (Device),1,495.0,0.0,495.0,140.0
1289,982,2026-07-13,Hair Growth System (Device),1,495.0,0.0,495.0,140.0
1290,983,2026-06-04,Red Light Face Mask,1,249.0,0.2,199.2,75.0
1291,984,2026-02-18,Hair Growth System (Device),1,495.0,0.0,495.0,140.0
1292,984,2026-07-17,Scalp Serum,1,59.0,0.1,53.1,14.0
1293,985,2026-07-10,Hair Growth System (Device),1,495.0,0.15,420.75,140.0
1294,986,2026-04-08,Hair Growth System (Device),1,495.0,0.0,495.0,140.0
1295,987,2026-07-19,Hair Growth System (Device),1,495.0,0.0,495.0,140.0
1296,988,2026-03-23,Replacement Cap Pads,1,39.0,0.0,39.0,9.0
1297,989,2026-06-12,Scalp Serum,1,59.0,0.0,59.0,14.0
1298,990,2026-05-30,Red Light Face Mask,1,249.0,0.0,249.0,75.0
1299,991,2026-01-22,Hair Growth System (Device),1,495.0,0.0,495.0,140.0
1300,992,2026-07-29,Hair Growth System (Device),1,495.0,0.0,495.0,140.0
1301,993,2026-03-21,Hair Growth System (Device),1,495.0,0.0,495.0,140.0
1302,994,2026-06-08,Hair Growth System (Device),1,495.0,0.0,495.0,140.0
1303,995,2026-06-30,Hair Growth System (Device),1,495.0,0.0,495.0,140.0
1304,995,2026-07-28,Replacement Cap Pads,2,39.0,0.0,78.0,9.0
1305,996,2026-07-04,Scalp Serum,1,59.0,0.0,59.0,14.0
1306,997,2026-04-13,Hair Growth System (Device),1,495.0,0.0,495.0,140.0
1307,998,2026-07-07,Scalp Serum,1,59.0,0.0,59.0,14.0
1308,999,2026-07-18,Hair Growth System (Device),1,495.0,0.0,495.0,140.0
1309,1000,2026-03-09,Hair Growth System (Device),1,495.0,0.0,495.0,140.0
1310,1001,2026-04-21,Replacement Cap Pads,1,39.0,0.0,39.0,9.0
1311,1001,2026-05-19,Scalp Serum,1,59.0,0.0,59.0,14.0
1312,1002,2026-06-09,Scalp Serum,1,59.0,0.1,53.1,14.0
1313,1003,2026-06-11,Scalp Serum,1,59.0,0.0,59.0,14.0
1314,1004,2026-04-16,Scalp Serum,1,59.0,0.0,59.0,14.0
1315,1004,2026-05-23,Replacement Cap Pads,1,39.0,0.0,39.0,9.0
1316,1005,2026-05-15,Hair Growth System (Device),1,495.0,0.15,420.75,140.0
1317,1005,2026-07-15,Replacement Cap Pads,2,39.0,0.0,78.0,9.0
1318,1006,2026-07-07,Replacement Cap Pads,1,39.0,0.0,39.0,9.0
1319,1007,2026-07-18,Red Light Face Mask,1,249.0,0.0,249.0,75.0
1320,1008,2026-06-01,Hair Growth System (Device),1,495.0,0.0,495.0,140.0
1321,1009,2026-03-25,Replacement Cap Pads,1,39.0,0.0,39.0,9.0
1322,1009,2026-05-27,Scalp Serum,2,59.0,0.0,118.0,14.0
1323,1010,2026-06-21,Hair Growth System (Device),1,495.0,0.0,495.0,140.0
1324,1011,2026-03-13,Scalp Serum,1,59.0,0.1,53.1,14.0
1325,1011,2026-06-27,Replacement Cap Pads,1,39.0,0.0,39.0,9.0
1326,1012,2026-06-12,Red Light Face Mask,1,249.0,0.0,249.0,75.0
1327,1012,2026-07-22,Scalp Serum,1,59.0,0.0,59.0,14.0
1328,1013,2026-04-15,Hair Growth System (Device),1,495.0,0.0,495.0,140.0
1329,1013,2026-06-02,Scalp Serum,1,59.0,0.0,59.0,14.0
1330,1014,2026-03-19,Scalp Serum,1,59.0,0.15,50.15,14.0
1331,1015,2026-03-22,Hair Growth System (Device),1,495.0,0.0,495.0,140.0
1332,1016,2026-06-01,Hair Growth System (Device),1,495.0,0.0,495.0,140.0
1333,1017,2026-06-18,Hair Growth System (Device),1,495.0,0.1,445.5,140.0
1334,1018,2026-07-11,Red Light Face Mask,1,249.0,0.1,224.1,75.0
1335,1019,2026-06-14,Hair Growth System (Device),1,495.0,0.0,495.0,140.0
1336,1020,2026-04-09,Red Light Face Mask,1,249.0,0.0,249.0,75.0
1337,1021,2026-06-11,Hair Growth System (Device),1,495.0,0.0,495.0,140.0
1338,1022,2026-05-31,Hair Growth System (Device),1,495.0,0.0,495.0,140.0
1339,1023,2026-07-22,Red Light Face Mask,1,249.0,0.0,249.0,75.0
1340,1024,2026-05-10,Hair Growth System (Device),1,495.0,0.0,495.0,140.0
1341,1025,2026-06-02,Scalp Serum,1,59.0,0.0,59.0,14.0
1342,1025,2026-07-16,Scalp Serum,1,59.0,0.0,59.0,14.0
1343,1026,2026-07-11,Scalp Serum,1,59.0,0.0,59.0,14.0
1344,1027,2026-07-20,Scalp Serum,1,59.0,0.0,59.0,14.0
1345,1028,2026-06-03,Hair Growth System (Device),1,495.0,0.0,495.0,140.0
1346,1029,2026-06-21,Hair Growth System (Device),1,495.0,0.0,495.0,140.0
1347,1029,2026-07-05,Red Light Face Mask,2,249.0,0.0,498.0,75.0
1348,1030,2026-01-08,Hair Growth System (Device),1,495.0,0.0,495.0,140.0
1349,1030,2026-03-23,Replacement Cap Pads,2,39.0,0.0,78.0,9.0
1350,1030,2026-05-25,Scalp Serum,1,59.0,0.0,59.0,14.0
1351,1030,2026-07-02,Red Light Face Mask,1,249.0,0.0,249.0,75.0
1352,1031,2026-05-19,Hair Growth System (Device),1,495.0,0.0,495.0,140.0
1353,1032,2026-06-26,Hair Growth System (Device),1,495.0,0.0,495.0,140.0
1354,1033,2026-05-27,Red Light Face Mask,1,249.0,0.0,249.0,75.0
1355,1033,2026-06-07,Scalp Serum,2,59.0,0.0,118.0,14.0
1356,1033,2026-07-06,Scalp Serum,2,59.0,0.0,118.0,14.0
1357,1034,2026-07-09,Scalp Serum,1,59.0,0.0,59.0,14.0
1358,1035,2026-06-10,Hair Growth System (Device),1,495.0,0.0,495.0,140.0
1359,1036,2026-07-04,Hair Growth System (Device),1,495.0,0.0,495.0,140.0
1360,1037,2026-06-13,Hair Growth System (Device),1,495.0,0.0,495.0,140.0
1361,1038,2026-01-16,Hair Growth System (Device),1,495.0,0.15,420.75,140.0
1362,1038,2026-05-13,Replacement Cap Pads,1,39.0,0.0,39.0,9.0
1363,1039,2026-06-02,Replacement Cap Pads,1,39.0,0.2,31.2,9.0
1364,1040,2026-04-06,Hair Growth System (Device),1,495.0,0.1,445.5,140.0
1365,1040,2026-07-23,Red Light Face Mask,1,249.0,0.0,249.0,75.0
1366,1041,2026-03-10,Scalp Serum,1,59.0,0.0,59.0,14.0
1367,1041,2026-04-15,Scalp Serum,1,59.0,0.0,59.0,14.0
1368,1041,2026-05-18,Red Light Face Mask,1,249.0,0.0,249.0,75.0
1369,1042,2026-04-18,Hair Growth System (Device),1,495.0,0.1,445.5,140.0
1370,1042,2026-06-05,Replacement Cap Pads,1,39.0,0.0,39.0,9.0
1371,1043,2026-06-15,Hair Growth System (Device),1,495.0,0.0,495.0,140.0
1372,1044,2026-04-06,Hair Growth System (Device),1,495.0,0.0,495.0,140.0
1373,1045,2026-03-31,Hair Growth System (Device),1,495.0,0.0,495.0,140.0
1374,1045,2026-04-19,Scalp Serum,1,59.0,0.0,59.0,14.0
1375,1045,2026-05-17,Red Light Face Mask,1,249.0,0.0,249.0,75.0
1376,1046,2026-07-29,Replacement Cap Pads,1,39.0,0.0,39.0,9.0
1377,1047,2026-05-14,Scalp Serum,1,59.0,0.0,59.0,14.0
1378,1048,2026-03-14,Hair Growth System (Device),1,495.0,0.0,495.0,140.0
1379,1049,2026-07-25,Red Light Face Mask,1,249.0,0.0,249.0,75.0
1380,1050,2026-07-07,Hair Growth System (Device),1,495.0,0.15,420.75,140.0
1381,1051,2026-06-24,Hair Growth System (Device),1,495.0,0.0,495.0,140.0
1382,1052,2026-06-18,Scalp Serum,1,59.0,0.2,47.2,14.0
1383,1053,2026-05-25,Hair Growth System (Device),1,495.0,0.0,495.0,140.0
1384,1054,2026-04-19,Hair Growth System (Device),1,495.0,0.1,445.5,140.0
1385,1054,2026-07-25,Replacement Cap Pads,1,39.0,0.0,39.0,9.0
1386,1055,2026-06-29,Hair Growth System (Device),1,495.0,0.0,495.0,140.0
1387,1055,2026-07-26,Red Light Face Mask,2,249.0,0.0,498.0,75.0
1388,1056,2026-06-20,Hair Growth System (Device),1,495.0,0.0,495.0,140.0
1389,1057,2026-02-20,Hair Growth System (Device),1,495.0,0.0,495.0,140.0
1390,1058,2026-01-22,Hair Growth System (Device),1,495.0,0.0,495.0,140.0
1391,1058,2026-02-11,Replacement Cap Pads,1,39.0,0.0,39.0,9.0
1392,1058,2026-04-08,Scalp Serum,1,59.0,0.0,59.0,14.0
1393,1058,2026-06-28,Scalp Serum,1,59.0,0.0,59.0,14.0
1394,1059,2026-06-01,Hair Growth System (Device),1,495.0,0.0,495.0,140.0
1395,1060,2026-05-31,Hair Growth System (Device),1,495.0,0.0,495.0,140.0
1396,1060,2026-06-06,Replacement Cap Pads,1,39.0,0.0,39.0,9.0
1397,1061,2026-06-23,Hair Growth System (Device),1,495.0,0.0,495.0,140.0
1398,1062,2026-07-28,Hair Growth System (Device),1,495.0,0.0,495.0,140.0
1399,1063,2026-05-14,Hair Growth System (Device),1,495.0,0.0,495.0,140.0
1400,1064,2026-04-05,Red Light Face Mask,1,249.0,0.0,249.0,75.0
1401,1065,2026-07-22,Hair Growth System (Device),1,495.0,0.0,495.0,140.0
1402,1066,2026-06-07,Hair Growth System (Device),1,495.0,0.0,495.0,140.0
1403,1067,2026-07-10,Hair Growth System (Device),1,495.0,0.0,495.0,140.0
1404,1068,2026-05-23,Hair Growth System (Device),1,495.0,0.1,445.5,140.0
1405,1069,2026-03-30,Hair Growth System (Device),1,495.0,0.2,396.0,140.0
1406,1070,2026-05-30,Scalp Serum,1,59.0,0.1,53.1,14.0
1407,1070,2026-07-22,Replacement Cap Pads,2,39.0,0.0,78.0,9.0
1408,1071,2026-06-01,Hair Growth System (Device),1,495.0,0.0,495.0,140.0
1409,1072,2026-07-07,Scalp Serum,1,59.0,0.0,59.0,14.0
1410,1073,2026-05-10,Red Light Face Mask,1,249.0,0.0,249.0,75.0
1411,1074,2026-05-03,Red Light Face Mask,1,249.0,0.0,249.0,75.0
1412,1074,2026-07-23,Scalp Serum,1,59.0,0.0,59.0,14.0
1413,1075,2026-07-19,Hair Growth System (Device),1,495.0,0.0,495.0,140.0
1414,1076,2026-04-18,Scalp Serum,1,59.0,0.0,59.0,14.0
1415,1077,2026-04-10,Hair Growth System (Device),1,495.0,0.15,420.75,140.0
1416,1078,2026-05-16,Hair Growth System (Device),1,495.0,0.0,495.0,140.0
1417,1079,2026-06-26,Hair Growth System (Device),1,495.0,0.0,495.0,140.0
1418,1080,2026-05-14,Scalp Serum,1,59.0,0.0,59.0,14.0
1419,1081,2026-06-07,Hair Growth System (Device),1,495.0,0.0,495.0,140.0
1420,1082,2026-04-09,Hair Growth System (Device),1,495.0,0.0,495.0,140.0
1421,1083,2026-07-02,Hair Growth System (Device),1,495.0,0.0,495.0,140.0
1422,1084,2026-07-01,Scalp Serum,1,59.0,0.0,59.0,14.0
1423,1085,2026-04-19,Scalp Serum,1,59.0,0.0,59.0,14.0
1424,1085,2026-06-26,Replacement Cap Pads,1,39.0,0.0,39.0,9.0
1425,1086,2026-07-12,Hair Growth System (Device),1,495.0,0.15,420.75,140.0
1426,1087,2026-03-15,Replacement Cap Pads,1,39.0,0.2,31.2,9.0
1427,1087,2026-04-02,Scalp Serum,2,59.0,0.0,118.0,14.0
1428,1087,2026-06-02,Scalp Serum,1,59.0,0.0,59.0,14.0
1429,1088,2026-05-29,Scalp Serum,1,59.0,0.0,59.0,14.0
1430,1089,2026-07-26,Red Light Face Mask,1,249.0,0.0,249.0,75.0
1431,1090,2026-04-29,Red Light Face Mask,1,249.0,0.0,249.0,75.0
1432,1091,2026-06-09,Hair Growth System (Device),1,495.0,0.0,495.0,140.0
1433,1092,2026-07-04,Scalp Serum,1,59.0,0.15,50.15,14.0
1434,1093,2026-07-02,Red Light Face Mask,1,249.0,0.0,249.0,75.0
1435,1094,2026-05-18,Hair Growth System (Device),1,495.0,0.0,495.0,140.0
1436,1095,2026-05-05,Scalp Serum,1,59.0,0.0,59.0,14.0
1437,1095,2026-07-03,Replacement Cap Pads,2,39.0,0.1,70.2,9.0
1438,1096,2026-05-23,Hair Growth System (Device),1,495.0,0.0,495.0,140.0
1439,1097,2026-04-29,Red Light Face Mask,1,249.0,0.0,249.0,75.0
1440,1098,2026-05-10,Hair Growth System (Device),1,495.0,0.0,495.0,140.0
1441,1098,2026-07-26,Scalp Serum,1,59.0,0.0,59.0,14.0
1442,1099,2026-07-15,Hair Growth System (Device),1,495.0,0.0,495.0,140.0
1443,1100,2026-04-20,Hair Growth System (Device),1,495.0,0.0,495.0,140.0
1444,1101,2026-04-01,Hair Growth System (Device),1,495.0,0.0,495.0,140.0
1445,1101,2026-05-03,Replacement Cap Pads,1,39.0,0.0,39.0,9.0
1446,1102,2026-07-02,Hair Growth System (Device),1,495.0,0.0,495.0,140.0
1447,1103,2026-05-22,Scalp Serum,1,59.0,0.0,59.0,14.0
1448,1104,2026-06-24,Replacement Cap Pads,1,39.0,0.0,39.0,9.0
1449,1105,2026-07-09,Red Light Face Mask,1,249.0,0.0,249.0,75.0
1450,1106,2026-04-04,Scalp Serum,1,59.0,0.0,59.0,14.0
1451,1106,2026-07-03,Red Light Face Mask,2,249.0,0.0,498.0,75.0
1452,1107,2026-05-26,Hair Growth System (Device),1,495.0,0.0,495.0,140.0
1453,1108,2026-03-19,Hair Growth System (Device),1,495.0,0.0,495.0,140.0
1454,1109,2026-06-04,Hair Growth System (Device),1,495.0,0.1,445.5,140.0
1455,1110,2026-04-16,Replacement Cap Pads,1,39.0,0.1,35.1,9.0
1456,1111,2026-03-08,Hair Growth System (Device),1,495.0,0.0,495.0,140.0
1457,1112,2026-04-17,Hair Growth System (Device),1,495.0,0.0,495.0,140.0
1458,1113,2026-07-02,Hair Growth System (Device),1,495.0,0.0,495.0,140.0
1459,1114,2026-06-07,Hair Growth System (Device),1,495.0,0.0,495.0,140.0
1460,1115,2026-05-16,Hair Growth System (Device),1,495.0,0.0,495.0,140.0
1461,1116,2026-06-14,Hair Growth System (Device),1,495.0,0.0,495.0,140.0
1462,1117,2026-06-04,Hair Growth System (Device),1,495.0,0.0,495.0,140.0
1463,1118,2026-05-01,Red Light Face Mask,1,249.0,0.1,224.1,75.0
1464,1119,2026-05-22,Scalp Serum,1,59.0,0.0,59.0,14.0
1465,1119,2026-06-09,Scalp Serum,2,59.0,0.0,118.0,14.0
1466,1120,2026-05-24,Replacement Cap Pads,1,39.0,0.0,39.0,9.0
1467,1121,2026-06-18,Scalp Serum,1,59.0,0.0,59.0,14.0
1468,1122,2026-06-15,Hair Growth System (Device),1,495.0,0.1,445.5,140.0
1469,1123,2026-03-01,Replacement Cap Pads,1,39.0,0.0,39.0,9.0
1470,1124,2026-06-20,Red Light Face Mask,1,249.0,0.15,211.65,75.0
1471,1125,2026-05-13,Hair Growth System (Device),1,495.0,0.0,495.0,140.0
1472,1126,2026-07-24,Hair Growth System (Device),1,495.0,0.2,396.0,140.0
1473,1127,2026-05-22,Hair Growth System (Device),1,495.0,0.0,495.0,140.0
1474,1127,2026-07-27,Scalp Serum,1,59.0,0.1,53.1,14.0
1475,1128,2026-03-16,Hair Growth System (Device),1,495.0,0.2,396.0,140.0
1476,1129,2026-07-01,Hair Growth System (Device),1,495.0,0.0,495.0,140.0
1477,1130,2026-05-13,Red Light Face Mask,1,249.0,0.0,249.0,75.0
1478,1131,2026-05-26,Hair Growth System (Device),1,495.0,0.1,445.5,140.0
1479,1132,2026-06-02,Red Light Face Mask,1,249.0,0.15,211.65,75.0
1480,1132,2026-07-23,Scalp Serum,1,59.0,0.0,59.0,14.0
1481,1133,2026-06-15,Scalp Serum,1,59.0,0.0,59.0,14.0
1482,1133,2026-07-24,Scalp Serum,1,59.0,0.1,53.1,14.0
1483,1134,2026-05-12,Hair Growth System (Device),1,495.0,0.0,495.0,140.0
1484,1134,2026-06-09,Scalp Serum,2,59.0,0.0,118.0,14.0
1485,1135,2026-05-21,Replacement Cap Pads,1,39.0,0.1,35.1,9.0
1486,1136,2026-03-29,Scalp Serum,1,59.0,0.15,50.15,14.0
1487,1137,2026-07-21,Hair Growth System (Device),1,495.0,0.2,396.0,140.0
1488,1138,2026-07-16,Hair Growth System (Device),1,495.0,0.0,495.0,140.0
1489,1139,2026-03-19,Hair Growth System (Device),1,495.0,0.15,420.75,140.0
1490,1139,2026-07-09,Scalp Serum,1,59.0,0.0,59.0,14.0
1491,1140,2026-06-12,Hair Growth System (Device),1,495.0,0.0,495.0,140.0
1492,1140,2026-07-06,Replacement Cap Pads,1,39.0,0.0,39.0,9.0
1493,1141,2026-07-17,Replacement Cap Pads,1,39.0,0.2,31.2,9.0
1494,1142,2026-06-04,Hair Growth System (Device),1,495.0,0.15,420.75,140.0
1495,1143,2026-04-11,Hair Growth System (Device),1,495.0,0.0,495.0,140.0
1496,1144,2026-05-16,Hair Growth System (Device),1,495.0,0.0,495.0,140.0
1497,1145,2026-06-02,Hair Growth System (Device),1,495.0,0.0,495.0,140.0
1498,1146,2026-04-23,Red Light Face Mask,1,249.0,0.0,249.0,75.0
1499,1146,2026-05-11,Replacement Cap Pads,1,39.0,0.0,39.0,9.0
1500,1146,2026-07-21,Scalp Serum,1,59.0,0.0,59.0,14.0
1501,1147,2026-05-28,Hair Growth System (Device),1,495.0,0.2,396.0,140.0
1502,1147,2026-07-13,Red Light Face Mask,1,249.0,0.0,249.0,75.0
1503,1148,2026-07-04,Scalp Serum,1,59.0,0.0,59.0,14.0
1504,1149,2026-07-08,Hair Growth System (Device),1,495.0,0.0,495.0,140.0
1505,1150,2026-07-18,Hair Growth System (Device),1,495.0,0.1,445.5,140.0
1506,1151,2026-06-28,Hair Growth System (Device),1,495.0,0.0,495.0,140.0
1507,1152,2026-04-10,Hair Growth System (Device),1,495.0,0.0,495.0,140.0
1508,1153,2026-06-01,Red Light Face Mask,1,249.0,0.0,249.0,75.0
1509,1154,2026-06-25,Hair Growth System (Device),1,495.0,0.0,495.0,140.0
1510,1155,2026-06-03,Replacement Cap Pads,1,39.0,0.1,35.1,9.0
1511,1155,2026-07-28,Scalp Serum,1,59.0,0.0,59.0,14.0
1512,1156,2026-02-12,Hair Growth System (Device),1,495.0,0.0,495.0,140.0
1513,1156,2026-03-25,Replacement Cap Pads,2,39.0,0.0,78.0,9.0
1514,1156,2026-05-20,Replacement Cap Pads,1,39.0,0.0,39.0,9.0
1515,1156,2026-06-22,Replacement Cap Pads,2,39.0,0.0,78.0,9.0
1516,1157,2026-04-21,Hair Growth System (Device),1,495.0,0.0,495.0,140.0
1517,1158,2026-01-30,Red Light Face Mask,1,249.0,0.0,249.0,75.0
1518,1158,2026-07-23,Scalp Serum,1,59.0,0.0,59.0,14.0
1519,1159,2026-04-01,Red Light Face Mask,1,249.0,0.15,211.65,75.0
1520,1160,2026-06-28,Scalp Serum,1,59.0,0.2,47.2,14.0
1521,1160,2026-07-18,Red Light Face Mask,1,249.0,0.0,249.0,75.0
1522,1161,2026-03-23,Scalp Serum,1,59.0,0.2,47.2,14.0
1523,1161,2026-07-19,Scalp Serum,1,59.0,0.0,59.0,14.0
1524,1162,2026-04-28,Replacement Cap Pads,1,39.0,0.0,39.0,9.0
1525,1163,2026-05-24,Hair Growth System (Device),1,495.0,0.0,495.0,140.0
1526,1164,2026-07-13,Hair Growth System (Device),1,495.0,0.0,495.0,140.0
1527,1165,2026-07-05,Red Light Face Mask,1,249.0,0.0,249.0,75.0
1528,1166,2026-04-03,Hair Growth System (Device),1,495.0,0.0,495.0,140.0
1529,1167,2026-07-12,Hair Growth System (Device),1,495.0,0.0,495.0,140.0
1530,1168,2026-04-16,Hair Growth System (Device),1,495.0,0.1,445.5,140.0
1531,1168,2026-05-27,Replacement Cap Pads,1,39.0,0.0,39.0,9.0
1532,1169,2026-07-01,Hair Growth System (Device),1,495.0,0.0,495.0,140.0
1533,1170,2026-07-05,Scalp Serum,1,59.0,0.1,53.1,14.0
1534,1171,2026-05-26,Hair Growth System (Device),1,495.0,0.15,420.75,140.0
1535,1172,2026-04-30,Red Light Face Mask,1,249.0,0.0,249.0,75.0
1536,1173,2026-07-24,Hair Growth System (Device),1,495.0,0.0,495.0,140.0
1537,1174,2026-06-18,Hair Growth System (Device),1,495.0,0.0,495.0,140.0
1538,1175,2026-07-16,Red Light Face Mask,1,249.0,0.0,249.0,75.0
1539,1176,2026-06-17,Red Light Face Mask,1,249.0,0.0,249.0,75.0
1540,1177,2026-04-21,Hair Growth System (Device),1,495.0,0.1,445.5,140.0
1541,1178,2026-01-20,Scalp Serum,1,59.0,0.0,59.0,14.0
1542,1178,2026-03-25,Scalp Serum,2,59.0,0.0,118.0,14.0
1543,1179,2026-05-26,Hair Growth System (Device),1,495.0,0.0,495.0,140.0
1544,1180,2026-03-05,Hair Growth System (Device),1,495.0,0.0,495.0,140.0
1545,1180,2026-04-23,Scalp Serum,1,59.0,0.0,59.0,14.0
1546,1180,2026-05-20,Replacement Cap Pads,2,39.0,0.15,66.3,9.0
1547,1181,2026-06-15,Scalp Serum,1,59.0,0.0,59.0,14.0
1548,1182,2026-06-16,Red Light Face Mask,1,249.0,0.2,199.2,75.0
1549,1183,2026-06-26,Hair Growth System (Device),1,495.0,0.1,445.5,140.0
1550,1184,2026-04-12,Red Light Face Mask,1,249.0,0.0,249.0,75.0
1551,1184,2026-07-23,Red Light Face Mask,1,249.0,0.0,249.0,75.0
1552,1185,2026-07-03,Scalp Serum,1,59.0,0.0,59.0,14.0
1553,1186,2026-04-03,Hair Growth System (Device),1,495.0,0.0,495.0,140.0
1554,1187,2026-03-19,Hair Growth System (Device),1,495.0,0.0,495.0,140.0
1555,1188,2026-05-20,Replacement Cap Pads,1,39.0,0.0,39.0,9.0
1556,1189,2026-04-02,Hair Growth System (Device),1,495.0,0.0,495.0,140.0
1557,1190,2026-06-30,Hair Growth System (Device),1,495.0,0.0,495.0,140.0
1558,1191,2026-07-21,Replacement Cap Pads,1,39.0,0.0,39.0,9.0
1559,1192,2026-03-25,Hair Growth System (Device),1,495.0,0.0,495.0,140.0
1560,1193,2026-05-08,Red Light Face Mask,1,249.0,0.0,249.0,75.0
1561,1194,2026-05-10,Hair Growth System (Device),1,495.0,0.0,495.0,140.0
1562,1195,2026-07-15,Red Light Face Mask,1,249.0,0.0,249.0,75.0
1563,1196,2026-06-29,Hair Growth System (Device),1,495.0,0.2,396.0,140.0
1564,1197,2026-05-12,Scalp Serum,1,59.0,0.0,59.0,14.0
1565,1198,2026-06-06,Hair Growth System (Device),1,495.0,0.0,495.0,140.0
1566,1199,2026-06-18,Hair Growth System (Device),1,495.0,0.0,495.0,140.0
1567,1200,2026-02-24,Scalp Serum,1,59.0,0.0,59.0,14.0
1568,1201,2026-04-05,Scalp Serum,1,59.0,0.0,59.0,14.0
1569,1201,2026-05-19,Scalp Serum,1,59.0,0.0,59.0,14.0
1570,1201,2026-06-18,Replacement Cap Pads,2,39.0,0.0,78.0,9.0
1571,1202,2026-06-09,Hair Growth System (Device),1,495.0,0.15,420.75,140.0
1572,1203,2026-06-03,Hair Growth System (Device),1,495.0,0.15,420.75,140.0
1573,1204,2026-05-08,Scalp Serum,1,59.0,0.0,59.0,14.0
1574,1204,2026-06-02,Scalp Serum,1,59.0,0.0,59.0,14.0
1575,1205,2026-07-23,Red Light Face Mask,1,249.0,0.0,249.0,75.0
1576,1206,2026-07-19,Scalp Serum,1,59.0,0.0,59.0,14.0
1577,1207,2026-02-21,Hair Growth System (Device),1,495.0,0.0,495.0,140.0
1578,1208,2026-05-09,Replacement Cap Pads,1,39.0,0.0,39.0,9.0
1579,1208,2026-07-10,Scalp Serum,1,59.0,0.0,59.0,14.0
1580,1209,2026-04-19,Replacement Cap Pads,1,39.0,0.0,39.0,9.0
1581,1210,2026-04-27,Red Light Face Mask,1,249.0,0.0,249.0,75.0
1582,1210,2026-06-02,Scalp Serum,2,59.0,0.0,118.0,14.0
1583,1211,2026-03-07,Replacement Cap Pads,1,39.0,0.0,39.0,9.0
1584,1211,2026-04-14,Scalp Serum,1,59.0,0.0,59.0,14.0
1585,1211,2026-06-25,Scalp Serum,1,59.0,0.0,59.0,14.0
1586,1212,2026-04-02,Red Light Face Mask,1,249.0,0.0,249.0,75.0
1587,1213,2026-06-16,Scalp Serum,1,59.0,0.0,59.0,14.0
1588,1214,2026-05-16,Hair Growth System (Device),1,495.0,0.15,420.75,140.0
1589,1214,2026-06-22,Scalp Serum,2,59.0,0.0,118.0,14.0
1590,1214,2026-07-21,Scalp Serum,2,59.0,0.1,106.2,14.0
1591,1215,2026-05-07,Hair Growth System (Device),1,495.0,0.0,495.0,140.0
1592,1215,2026-06-08,Replacement Cap Pads,1,39.0,0.0,39.0,9.0
1593,1216,2026-07-18,Hair Growth System (Device),1,495.0,0.0,495.0,140.0
1594,1217,2026-05-14,Replacement Cap Pads,1,39.0,0.15,33.15,9.0
1595,1218,2026-07-30,Hair Growth System (Device),1,495.0,0.0,495.0,140.0
1596,1219,2026-04-29,Hair Growth System (Device),1,495.0,0.0,495.0,140.0
1597,1220,2026-05-09,Scalp Serum,1,59.0,0.0,59.0,14.0
1598,1221,2026-06-29,Hair Growth System (Device),1,495.0,0.0,495.0,140.0
1599,1222,2026-04-08,Hair Growth System (Device),1,495.0,0.0,495.0,140.0
1600,1223,2026-04-17,Scalp Serum,1,59.0,0.0,59.0,14.0
1601,1224,2026-05-13,Scalp Serum,1,59.0,0.0,59.0,14.0
1602,1225,2026-06-12,Hair Growth System (Device),1,495.0,0.0,495.0,140.0
1603,1225,2026-07-13,Scalp Serum,1,59.0,0.0,59.0,14.0
1604,1226,2026-04-26,Hair Growth System (Device),1,495.0,0.0,495.0,140.0
1605,1226,2026-05-23,Scalp Serum,1,59.0,0.0,59.0,14.0
1606,1227,2026-07-15,Scalp Serum,1,59.0,0.15,50.15,14.0
1607,1228,2026-06-25,Hair Growth System (Device),1,495.0,0.0,495.0,140.0
1608,1228,2026-07-25,Red Light Face Mask,1,249.0,0.15,211.65,75.0
1609,1229,2026-06-07,Red Light Face Mask,1,249.0,0.1,224.1,75.0
1610,1230,2026-01-27,Hair Growth System (Device),1,495.0,0.2,396.0,140.0
1611,1230,2026-02-10,Scalp Serum,1,59.0,0.0,59.0,14.0
1612,1230,2026-03-20,Scalp Serum,1,59.0,0.0,59.0,14.0
1613,1230,2026-04-27,Replacement Cap Pads,1,39.0,0.0,39.0,9.0
1614,1231,2026-04-16,Hair Growth System (Device),1,495.0,0.0,495.0,140.0
1615,1232,2026-06-09,Scalp Serum,1,59.0,0.0,59.0,14.0
1616,1233,2026-02-03,Red Light Face Mask,1,249.0,0.15,211.65,75.0
1617,1233,2026-06-12,Replacement Cap Pads,1,39.0,0.0,39.0,9.0
1618,1234,2026-06-25,Hair Growth System (Device),1,495.0,0.0,495.0,140.0
1619,1235,2026-06-12,Hair Growth System (Device),1,495.0,0.0,495.0,140.0
1620,1235,2026-07-16,Red Light Face Mask,1,249.0,0.0,249.0,75.0
1621,1236,2026-06-10,Hair Growth System (Device),1,495.0,0.0,495.0,140.0
1622,1236,2026-07-23,Scalp Serum,1,59.0,0.0,59.0,14.0
1623,1237,2026-07-05,Red Light Face Mask,1,249.0,0.0,249.0,75.0
1624,1238,2026-05-17,Hair Growth System (Device),1,495.0,0.0,495.0,140.0
1625,1239,2026-04-11,Hair Growth System (Device),1,495.0,0.0,495.0,140.0
1626,1240,2026-01-23,Replacement Cap Pads,1,39.0,0.0,39.0,9.0
1627,1240,2026-02-27,Scalp Serum,1,59.0,0.0,59.0,14.0
1628,1240,2026-05-03,Red Light Face Mask,2,249.0,0.15,423.3,75.0
1629,1241,2026-04-27,Replacement Cap Pads,1,39.0,0.0,39.0,9.0
1630,1241,2026-05-18,Replacement Cap Pads,1,39.0,0.0,39.0,9.0
1631,1242,2026-03-23,Scalp Serum,1,59.0,0.1,53.1,14.0
1632,1242,2026-05-03,Replacement Cap Pads,1,39.0,0.0,39.0,9.0
1633,1242,2026-06-24,Red Light Face Mask,1,249.0,0.0,249.0,75.0
1634,1243,2026-02-17,Replacement Cap Pads,1,39.0,0.0,39.0,9.0
1635,1243,2026-04-03,Scalp Serum,2,59.0,0.0,118.0,14.0
1636,1243,2026-06-23,Scalp Serum,1,59.0,0.1,53.1,14.0
1637,1244,2026-06-12,Hair Growth System (Device),1,495.0,0.0,495.0,140.0
1638,1245,2026-04-24,Hair Growth System (Device),1,495.0,0.0,495.0,140.0
1639,1246,2026-03-02,Scalp Serum,1,59.0,0.0,59.0,14.0
1640,1247,2026-05-14,Hair Growth System (Device),1,495.0,0.0,495.0,140.0
1641,1247,2026-07-24,Replacement Cap Pads,1,39.0,0.15,33.15,9.0
1642,1248,2026-07-05,Hair Growth System (Device),1,495.0,0.0,495.0,140.0
1643,1249,2026-06-07,Hair Growth System (Device),1,495.0,0.0,495.0,140.0
1644,1250,2026-04-04,Replacement Cap Pads,1,39.0,0.0,39.0,9.0
1645,1250,2026-06-22,Replacement Cap Pads,2,39.0,0.0,78.0,9.0
1646,1250,2026-07-10,Scalp Serum,1,59.0,0.15,50.15,14.0
1647,1251,2026-04-15,Replacement Cap Pads,1,39.0,0.0,39.0,9.0
1648,1252,2026-04-30,Hair Growth System (Device),1,495.0,0.15,420.75,140.0
1649,1253,2026-06-22,Hair Growth System (Device),1,495.0,0.0,495.0,140.0
1650,1253,2026-07-07,Scalp Serum,1,59.0,0.2,47.2,14.0
1651,1254,2026-04-30,Red Light Face Mask,1,249.0,0.15,211.65,75.0
1652,1255,2026-04-27,Red Light Face Mask,1,249.0,0.0,249.0,75.0
1653,1256,2026-07-29,Scalp Serum,1,59.0,0.1,53.1,14.0
1654,1257,2026-02-14,Hair Growth System (Device),1,495.0,0.0,495.0,140.0
1655,1257,2026-03-15,Scalp Serum,2,59.0,0.1,106.2,14.0
1656,1258,2026-07-03,Hair Growth System (Device),1,495.0,0.2,396.0,140.0
1657,1259,2026-02-19,Hair Growth System (Device),1,495.0,0.0,495.0,140.0
1658,1259,2026-04-11,Scalp Serum,1,59.0,0.0,59.0,14.0
1659,1260,2026-07-11,Scalp Serum,1,59.0,0.0,59.0,14.0
1660,1261,2026-03-12,Red Light Face Mask,1,249.0,0.0,249.0,75.0
1661,1261,2026-04-25,Scalp Serum,2,59.0,0.0,118.0,14.0
1662,1261,2026-06-10,Scalp Serum,2,59.0,0.0,118.0,14.0
1663,1261,2026-07-06,Replacement Cap Pads,1,39.0,0.0,39.0,9.0
1664,1262,2026-04-07,Scalp Serum,1,59.0,0.15,50.15,14.0
1665,1263,2026-06-02,Red Light Face Mask,1,249.0,0.0,249.0,75.0
1666,1264,2026-06-30,Red Light Face Mask,1,249.0,0.0,249.0,75.0
1667,1264,2026-07-26,Red Light Face Mask,1,249.0,0.1,224.1,75.0
1668,1265,2026-01-29,Hair Growth System (Device),1,495.0,0.0,495.0,140.0
1669,1265,2026-05-07,Scalp Serum,1,59.0,0.1,53.1,14.0
1670,1266,2026-01-25,Scalp Serum,1,59.0,0.0,59.0,14.0
1671,1266,2026-06-04,Replacement Cap Pads,2,39.0,0.0,78.0,9.0
1672,1267,2026-04-20,Hair Growth System (Device),1,495.0,0.0,495.0,140.0
1673,1268,2026-02-24,Hair Growth System (Device),1,495.0,0.0,495.0,140.0
1674,1268,2026-05-13,Scalp Serum,1,59.0,0.15,50.15,14.0
1675,1269,2026-05-07,Replacement Cap Pads,1,39.0,0.0,39.0,9.0
1676,1270,2026-07-18,Hair Growth System (Device),1,495.0,0.0,495.0,140.0
1677,1271,2026-05-31,Red Light Face Mask,1,249.0,0.15,211.65,75.0
1678,1272,2026-05-27,Scalp Serum,1,59.0,0.1,53.1,14.0
1679,1272,2026-06-21,Scalp Serum,1,59.0,0.15,50.15,14.0
1680,1273,2026-04-05,Hair Growth System (Device),1,495.0,0.0,495.0,140.0
1681,1274,2026-06-28,Replacement Cap Pads,1,39.0,0.0,39.0,9.0
1682,1275,2026-04-27,Scalp Serum,1,59.0,0.0,59.0,14.0
1683,1275,2026-06-16,Scalp Serum,1,59.0,0.0,59.0,14.0
1684,1276,2026-01-29,Hair Growth System (Device),1,495.0,0.15,420.75,140.0
1685,1276,2026-03-23,Scalp Serum,2,59.0,0.0,118.0,14.0
1686,1276,2026-04-08,Replacement Cap Pads,2,39.0,0.0,78.0,9.0
1687,1276,2026-06-07,Red Light Face Mask,1,249.0,0.0,249.0,75.0
1688,1277,2026-04-27,Scalp Serum,1,59.0,0.2,47.2,14.0
1689,1277,2026-07-13,Scalp Serum,1,59.0,0.0,59.0,14.0
1690,1278,2026-04-21,Hair Growth System (Device),1,495.0,0.0,495.0,140.0
1691,1278,2026-06-13,Scalp Serum,1,59.0,0.0,59.0,14.0
1692,1279,2026-05-12,Hair Growth System (Device),1,495.0,0.0,495.0,140.0
1693,1280,2026-07-25,Hair Growth System (Device),1,495.0,0.0,495.0,140.0
1694,1281,2026-05-04,Red Light Face Mask,1,249.0,0.0,249.0,75.0
1695,1281,2026-06-10,Replacement Cap Pads,1,39.0,0.1,35.1,9.0
1696,1281,2026-07-02,Replacement Cap Pads,1,39.0,0.0,39.0,9.0
1697,1282,2026-06-30,Red Light Face Mask,1,249.0,0.1,224.1,75.0
1698,1282,2026-07-21,Scalp Serum,2,59.0,0.0,118.0,14.0
1699,1283,2026-07-17,Hair Growth System (Device),1,495.0,0.0,495.0,140.0
1700,1284,2026-06-09,Red Light Face Mask,1,249.0,0.0,249.0,75.0
1701,1285,2026-06-14,Hair Growth System (Device),1,495.0,0.0,495.0,140.0
1702,1286,2026-06-20,Hair Growth System (Device),1,495.0,0.0,495.0,140.0
1703,1287,2026-04-05,Red Light Face Mask,1,249.0,0.0,249.0,75.0
1704,1288,2026-07-20,Red Light Face Mask,1,249.0,0.0,249.0,75.0
1705,1289,2026-07-21,Red Light Face Mask,1,249.0,0.15,211.65,75.0
1706,1290,2026-06-08,Hair Growth System (Device),1,495.0,0.0,495.0,140.0
1707,1291,2026-06-04,Hair Growth System (Device),1,495.0,0.0,495.0,140.0
1708,1291,2026-07-08,Red Light Face Mask,2,249.0,0.0,498.0,75.0
1709,1292,2026-07-13,Red Light Face Mask,1,249.0,0.1,224.1,75.0
1710,1293,2026-04-30,Red Light Face Mask,1,249.0,0.0,249.0,75.0
1711,1293,2026-07-15,Scalp Serum,1,59.0,0.0,59.0,14.0
1712,1294,2026-04-27,Hair Growth System (Device),1,495.0,0.15,420.75,140.0
1713,1294,2026-05-27,Replacement Cap Pads,1,39.0,0.0,39.0,9.0
1714,1294,2026-07-23,Scalp Serum,1,59.0,0.0,59.0,14.0
1715,1295,2026-06-18,Replacement Cap Pads,1,39.0,0.0,39.0,9.0
1716,1295,2026-07-17,Scalp Serum,1,59.0,0.0,59.0,14.0
1717,1296,2026-04-02,Red Light Face Mask,1,249.0,0.0,249.0,75.0
1718,1297,2026-07-29,Replacement Cap Pads,1,39.0,0.0,39.0,9.0
1719,1298,2026-06-15,Hair Growth System (Device),1,495.0,0.0,495.0,140.0
1720,1299,2026-01-01,Hair Growth System (Device),1,495.0,0.0,495.0,140.0
1721,1299,2026-07-02,Replacement Cap Pads,1,39.0,0.0,39.0,9.0
1722,1300,2026-06-14,Replacement Cap Pads,1,39.0,0.15,33.15,9.0
1723,1301,2026-07-14,Replacement Cap Pads,1,39.0,0.0,39.0,9.0
1724,1302,2026-04-03,Red Light Face Mask,1,249.0,0.0,249.0,75.0
1725,1302,2026-07-16,Red Light Face Mask,1,249.0,0.0,249.0,75.0
1726,1303,2026-01-26,Hair Growth System (Device),1,495.0,0.2,396.0,140.0
1727,1303,2026-03-17,Scalp Serum,1,59.0,0.0,59.0,14.0
1728,1303,2026-06-20,Replacement Cap Pads,1,39.0,0.0,39.0,9.0
1729,1304,2026-07-01,Replacement Cap Pads,1,39.0,0.0,39.0,9.0
1730,1305,2026-02-24,Scalp Serum,1,59.0,0.0,59.0,14.0
1731,1305,2026-07-24,Scalp Serum,1,59.0,0.0,59.0,14.0
1732,1306,2026-05-28,Red Light Face Mask,1,249.0,0.2,199.2,75.0
1733,1307,2026-04-15,Scalp Serum,1,59.0,0.0,59.0,14.0
1734,1307,2026-07-02,Replacement Cap Pads,1,39.0,0.15,33.15,9.0
1735,1308,2026-06-30,Scalp Serum,1,59.0,0.0,59.0,14.0
1736,1308,2026-07-16,Replacement Cap Pads,1,39.0,0.1,35.1,9.0
1737,1309,2026-06-14,Hair Growth System (Device),1,495.0,0.15,420.75,140.0
1738,1310,2026-06-02,Scalp Serum,1,59.0,0.0,59.0,14.0
1739,1311,2026-06-02,Hair Growth System (Device),1,495.0,0.0,495.0,140.0
1740,1312,2026-02-13,Hair Growth System (Device),1,495.0,0.0,495.0,140.0
1741,1313,2026-06-30,Hair Growth System (Device),1,495.0,0.1,445.5,140.0
1742,1314,2026-06-17,Hair Growth System (Device),1,495.0,0.15,420.75,140.0
1743,1314,2026-07-05,Scalp Serum,1,59.0,0.0,59.0,14.0
1744,1315,2026-05-14,Scalp Serum,1,59.0,0.2,47.2,14.0
1745,1315,2026-06-27,Replacement Cap Pads,1,39.0,0.0,39.0,9.0
1746,1316,2026-05-24,Scalp Serum,1,59.0,0.15,50.15,14.0
1747,1316,2026-06-17,Replacement Cap Pads,1,39.0,0.0,39.0,9.0
1748,1317,2026-02-19,Hair Growth System (Device),1,495.0,0.1,445.5,140.0
1749,1317,2026-05-06,Scalp Serum,1,59.0,0.0,59.0,14.0
1750,1318,2026-05-22,Hair Growth System (Device),1,495.0,0.0,495.0,140.0
1751,1319,2026-07-06,Scalp Serum,1,59.0,0.0,59.0,14.0
1752,1320,2026-03-19,Replacement Cap Pads,1,39.0,0.1,35.1,9.0
1753,1321,2026-03-31,Hair Growth System (Device),1,495.0,0.0,495.0,140.0
1754,1321,2026-05-13,Scalp Serum,1,59.0,0.0,59.0,14.0
1755,1322,2026-04-05,Replacement Cap Pads,1,39.0,0.0,39.0,9.0
1756,1323,2026-06-25,Red Light Face Mask,1,249.0,0.0,249.0,75.0
1757,1324,2026-06-28,Hair Growth System (Device),1,495.0,0.0,495.0,140.0
1758,1325,2026-05-22,Hair Growth System (Device),1,495.0,0.0,495.0,140.0
1759,1326,2026-05-11,Hair Growth System (Device),1,495.0,0.0,495.0,140.0
1760,1326,2026-06-04,Red Light Face Mask,1,249.0,0.0,249.0,75.0
1761,1327,2026-07-25,Hair Growth System (Device),1,495.0,0.0,495.0,140.0
1762,1328,2026-07-04,Hair Growth System (Device),1,495.0,0.1,445.5,140.0
1763,1329,2026-06-21,Hair Growth System (Device),1,495.0,0.0,495.0,140.0
1764,1330,2026-03-31,Hair Growth System (Device),1,495.0,0.0,495.0,140.0
1765,1331,2026-04-28,Hair Growth System (Device),1,495.0,0.0,495.0,140.0
1766,1332,2026-06-17,Scalp Serum,1,59.0,0.15,50.15,14.0
1767,1332,2026-07-10,Scalp Serum,1,59.0,0.0,59.0,14.0
1768,1333,2026-04-06,Scalp Serum,1,59.0,0.0,59.0,14.0
1769,1334,2026-05-23,Red Light Face Mask,1,249.0,0.0,249.0,75.0
1770,1335,2026-01-17,Hair Growth System (Device),1,495.0,0.2,396.0,140.0
1771,1336,2026-06-11,Red Light Face Mask,1,249.0,0.0,249.0,75.0
1772,1337,2026-03-01,Hair Growth System (Device),1,495.0,0.0,495.0,140.0
1773,1337,2026-07-09,Red Light Face Mask,1,249.0,0.1,224.1,75.0
1774,1338,2026-06-06,Replacement Cap Pads,1,39.0,0.0,39.0,9.0
1775,1339,2026-07-11,Scalp Serum,1,59.0,0.0,59.0,14.0
1776,1340,2026-06-20,Replacement Cap Pads,1,39.0,0.0,39.0,9.0
1777,1341,2026-06-22,Scalp Serum,1,59.0,0.2,47.2,14.0
1778,1342,2026-07-22,Red Light Face Mask,1,249.0,0.15,211.65,75.0
1779,1343,2026-03-31,Hair Growth System (Device),1,495.0,0.0,495.0,140.0
1780,1344,2026-06-25,Hair Growth System (Device),1,495.0,0.0,495.0,140.0
1781,1345,2026-03-30,Replacement Cap Pads,1,39.0,0.0,39.0,9.0
1782,1345,2026-07-10,Scalp Serum,1,59.0,0.0,59.0,14.0
1783,1346,2026-07-23,Scalp Serum,1,59.0,0.0,59.0,14.0
1784,1347,2026-05-09,Hair Growth System (Device),1,495.0,0.1,445.5,140.0
1785,1348,2026-05-18,Hair Growth System (Device),1,495.0,0.1,445.5,140.0
1786,1349,2026-03-19,Hair Growth System (Device),1,495.0,0.1,445.5,140.0
1787,1350,2026-06-03,Hair Growth System (Device),1,495.0,0.15,420.75,140.0
1788,1350,2026-07-09,Red Light Face Mask,1,249.0,0.0,249.0,75.0
1789,1351,2026-06-15,Replacement Cap Pads,1,39.0,0.0,39.0,9.0
1790,1351,2026-07-04,Scalp Serum,1,59.0,0.0,59.0,14.0
1791,1352,2026-06-17,Scalp Serum,1,59.0,0.0,59.0,14.0
1792,1353,2026-06-25,Hair Growth System (Device),1,495.0,0.1,445.5,140.0
1793,1354,2026-04-24,Hair Growth System (Device),1,495.0,0.0,495.0,140.0
1794,1355,2026-06-02,Replacement Cap Pads,1,39.0,0.0,39.0,9.0
1795,1356,2026-03-17,Scalp Serum,1,59.0,0.0,59.0,14.0
1796,1356,2026-04-01,Red Light Face Mask,1,249.0,0.0,249.0,75.0
1797,1356,2026-06-27,Red Light Face Mask,1,249.0,0.1,224.1,75.0
1798,1356,2026-07-12,Scalp Serum,2,59.0,0.0,118.0,14.0
1799,1357,2026-06-17,Red Light Face Mask,1,249.0,0.0,249.0,75.0
1800,1357,2026-07-22,Scalp Serum,1,59.0,0.0,59.0,14.0
1801,1358,2026-06-14,Hair Growth System (Device),1,495.0,0.15,420.75,140.0
1802,1359,2026-01-09,Hair Growth System (Device),1,495.0,0.0,495.0,140.0
1803,1359,2026-05-06,Scalp Serum,1,59.0,0.0,59.0,14.0
1804,1360,2026-03-14,Scalp Serum,1,59.0,0.0,59.0,14.0
1805,1360,2026-06-22,Scalp Serum,1,59.0,0.0,59.0,14.0
1806,1360,2026-07-09,Scalp Serum,1,59.0,0.0,59.0,14.0
1807,1361,2026-07-30,Hair Growth System (Device),1,495.0,0.1,445.5,140.0
1808,1362,2026-06-07,Scalp Serum,1,59.0,0.1,53.1,14.0
1809,1363,2026-04-05,Red Light Face Mask,1,249.0,0.0,249.0,75.0
1810,1364,2026-04-28,Scalp Serum,1,59.0,0.0,59.0,14.0
1811,1364,2026-05-28,Scalp Serum,1,59.0,0.0,59.0,14.0
1812,1364,2026-06-15,Scalp Serum,1,59.0,0.0,59.0,14.0
1813,1364,2026-07-19,Scalp Serum,1,59.0,0.0,59.0,14.0
1814,1365,2026-01-17,Hair Growth System (Device),1,495.0,0.0,495.0,140.0
1815,1365,2026-06-13,Scalp Serum,1,59.0,0.0,59.0,14.0
1816,1366,2026-06-29,Replacement Cap Pads,1,39.0,0.0,39.0,9.0
1817,1367,2026-03-30,Scalp Serum,1,59.0,0.0,59.0,14.0
1818,1368,2026-06-23,Scalp Serum,1,59.0,0.2,47.2,14.0
1819,1369,2026-06-19,Red Light Face Mask,1,249.0,0.0,249.0,75.0
1820,1369,2026-07-06,Scalp Serum,1,59.0,0.0,59.0,14.0
1821,1370,2026-07-19,Replacement Cap Pads,1,39.0,0.0,39.0,9.0
1822,1371,2026-07-06,Scalp Serum,1,59.0,0.0,59.0,14.0
1823,1372,2026-07-12,Hair Growth System (Device),1,495.0,0.0,495.0,140.0
1824,1373,2026-04-29,Hair Growth System (Device),1,495.0,0.0,495.0,140.0
1825,1374,2026-06-24,Replacement Cap Pads,1,39.0,0.1,35.1,9.0
1826,1375,2026-05-06,Hair Growth System (Device),1,495.0,0.0,495.0,140.0
1827,1376,2026-02-07,Hair Growth System (Device),1,495.0,0.0,495.0,140.0
1828,1376,2026-03-02,Red Light Face Mask,1,249.0,0.0,249.0,75.0
1829,1377,2026-06-09,Replacement Cap Pads,1,39.0,0.0,39.0,9.0
1830,1377,2026-07-04,Scalp Serum,1,59.0,0.0,59.0,14.0
1831,1378,2026-07-16,Hair Growth System (Device),1,495.0,0.1,445.5,140.0
1832,1379,2026-04-29,Replacement Cap Pads,1,39.0,0.0,39.0,9.0
1833,1380,2026-05-29,Red Light Face Mask,1,249.0,0.0,249.0,75.0
1834,1381,2026-07-25,Replacement Cap Pads,1,39.0,0.0,39.0,9.0
1835,1382,2026-03-12,Red Light Face Mask,1,249.0,0.1,224.1,75.0
1836,1382,2026-07-09,Scalp Serum,1,59.0,0.0,59.0,14.0
1837,1383,2026-07-21,Red Light Face Mask,1,249.0,0.2,199.2,75.0
1838,1384,2026-05-27,Red Light Face Mask,1,249.0,0.2,199.2,75.0
1839,1384,2026-06-23,Scalp Serum,1,59.0,0.0,59.0,14.0
1840,1385,2026-07-22,Hair Growth System (Device),1,495.0,0.2,396.0,140.0
1841,1386,2026-07-05,Hair Growth System (Device),1,495.0,0.2,396.0,140.0
1842,1387,2026-07-11,Red Light Face Mask,1,249.0,0.0,249.0,75.0
1843,1388,2026-03-18,Scalp Serum,1,59.0,0.0,59.0,14.0
1844,1388,2026-06-13,Red Light Face Mask,1,249.0,0.0,249.0,75.0
1845,1389,2026-06-28,Scalp Serum,1,59.0,0.2,47.2,14.0
1846,1389,2026-07-13,Replacement Cap Pads,1,39.0,0.0,39.0,9.0
1847,1390,2026-07-23,Scalp Serum,1,59.0,0.0,59.0,14.0
1848,1391,2026-03-04,Red Light Face Mask,1,249.0,0.0,249.0,75.0
1849,1391,2026-05-13,Scalp Serum,2,59.0,0.0,118.0,14.0
1850,1391,2026-07-08,Replacement Cap Pads,1,39.0,0.0,39.0,9.0
1851,1392,2026-06-02,Scalp Serum,1,59.0,0.0,59.0,14.0
1852,1392,2026-07-08,Replacement Cap Pads,2,39.0,0.0,78.0,9.0
1853,1393,2026-06-10,Scalp Serum,1,59.0,0.0,59.0,14.0
1854,1394,2026-04-30,Hair Growth System (Device),1,495.0,0.0,495.0,140.0
1855,1395,2026-04-30,Hair Growth System (Device),1,495.0,0.0,495.0,140.0
1856,1396,2026-03-23,Hair Growth System (Device),1,495.0,0.0,495.0,140.0
1857,1396,2026-05-24,Scalp Serum,1,59.0,0.0,59.0,14.0
1858,1397,2026-06-16,Hair Growth System (Device),1,495.0,0.0,495.0,140.0
1859,1397,2026-07-03,Red Light Face Mask,2,249.0,0.0,498.0,75.0
1860,1398,2026-05-05,Hair Growth System (Device),1,495.0,0.0,495.0,140.0
1861,1399,2026-06-27,Hair Growth System (Device),1,495.0,0.0,495.0,140.0
1862,1399,2026-07-09,Scalp Serum,1,59.0,0.0,59.0,14.0
1863,1400,2026-02-26,Hair Growth System (Device),1,495.0,0.0,495.0,140.0
1864,1400,2026-05-03,Replacement Cap Pads,1,39.0,0.0,39.0,9.0
1865,1401,2026-03-18,Replacement Cap Pads,1,39.0,0.0,39.0,9.0
1866,1402,2026-03-10,Hair Growth System (Device),1,495.0,0.0,495.0,140.0
1867,1403,2026-03-31,Hair Growth System (Device),1,495.0,0.0,495.0,140.0
1868,1403,2026-06-22,Replacement Cap Pads,1,39.0,0.0,39.0,9.0
1869,1404,2026-07-12,Scalp Serum,1,59.0,0.0,59.0,14.0
1870,1405,2026-04-28,Scalp Serum,1,59.0,0.0,59.0,14.0
1871,1406,2026-06-22,Hair Growth System (Device),1,495.0,0.0,495.0,140.0
1872,1407,2026-07-03,Red Light Face Mask,1,249.0,0.0,249.0,75.0
1873,1408,2026-07-10,Hair Growth System (Device),1,495.0,0.0,495.0,140.0
1874,1409,2026-05-23,Scalp Serum,1,59.0,0.0,59.0,14.0
1875,1409,2026-07-24,Scalp Serum,1,59.0,0.0,59.0,14.0
1876,1410,2026-05-24,Hair Growth System (Device),1,495.0,0.0,495.0,140.0
1877,1410,2026-06-27,Scalp Serum,1,59.0,0.0,59.0,14.0
1878,1411,2026-07-15,Hair Growth System (Device),1,495.0,0.2,396.0,140.0
1879,1412,2026-05-13,Scalp Serum,1,59.0,0.0,59.0,14.0
1880,1413,2026-07-07,Scalp Serum,1,59.0,0.0,59.0,14.0
1881,1414,2026-02-06,Hair Growth System (Device),1,495.0,0.0,495.0,140.0
1882,1415,2026-03-29,Scalp Serum,1,59.0,0.0,59.0,14.0
1883,1415,2026-06-13,Replacement Cap Pads,1,39.0,0.0,39.0,9.0
1884,1416,2026-03-17,Hair Growth System (Device),1,495.0,0.0,495.0,140.0
1885,1416,2026-04-11,Scalp Serum,1,59.0,0.0,59.0,14.0
1886,1416,2026-05-09,Replacement Cap Pads,2,39.0,0.0,78.0,9.0
1887,1417,2026-07-08,Hair Growth System (Device),1,495.0,0.0,495.0,140.0
1888,1418,2026-07-07,Scalp Serum,1,59.0,0.0,59.0,14.0
1889,1419,2026-05-16,Scalp Serum,1,59.0,0.0,59.0,14.0
1890,1419,2026-06-19,Replacement Cap Pads,2,39.0,0.0,78.0,9.0
1891,1419,2026-07-06,Scalp Serum,1,59.0,0.0,59.0,14.0
1892,1420,2026-07-28,Scalp Serum,1,59.0,0.0,59.0,14.0
1893,1421,2026-07-10,Hair Growth System (Device),1,495.0,0.0,495.0,140.0
1894,1422,2026-05-20,Hair Growth System (Device),1,495.0,0.0,495.0,140.0
1895,1423,2026-04-13,Replacement Cap Pads,1,39.0,0.1,35.1,9.0
1896,1424,2026-07-23,Scalp Serum,1,59.0,0.0,59.0,14.0
1897,1425,2026-06-12,Red Light Face Mask,1,249.0,0.1,224.1,75.0
1898,1426,2026-07-11,Red Light Face Mask,1,249.0,0.0,249.0,75.0
1899,1427,2026-01-20,Hair Growth System (Device),1,495.0,0.0,495.0,140.0
1900,1427,2026-05-20,Replacement Cap Pads,1,39.0,0.0,39.0,9.0
1901,1428,2026-05-01,Red Light Face Mask,1,249.0,0.0,249.0,75.0
1902,1429,2026-04-09,Red Light Face Mask,1,249.0,0.15,211.65,75.0
1903,1430,2026-07-03,Scalp Serum,1,59.0,0.0,59.0,14.0
1904,1431,2026-06-21,Hair Growth System (Device),1,495.0,0.0,495.0,140.0
1905,1432,2026-06-15,Hair Growth System (Device),1,495.0,0.0,495.0,140.0
1906,1433,2026-07-17,Red Light Face Mask,1,249.0,0.2,199.2,75.0
1907,1434,2026-06-23,Scalp Serum,1,59.0,0.0,59.0,14.0
1908,1435,2026-06-28,Hair Growth System (Device),1,495.0,0.15,420.75,140.0
1909,1436,2026-06-11,Hair Growth System (Device),1,495.0,0.0,495.0,140.0
1910,1436,2026-07-19,Red Light Face Mask,2,249.0,0.0,498.0,75.0
1911,1437,2026-07-14,Scalp Serum,1,59.0,0.0,59.0,14.0
1912,1438,2026-07-20,Hair Growth System (Device),1,495.0,0.0,495.0,140.0
1913,1439,2026-06-07,Hair Growth System (Device),1,495.0,0.15,420.75,140.0
1914,1440,2026-04-23,Hair Growth System (Device),1,495.0,0.0,495.0,140.0
1915,1441,2026-06-12,Scalp Serum,1,59.0,0.15,50.15,14.0
1916,1441,2026-07-02,Scalp Serum,1,59.0,0.0,59.0,14.0
1917,1442,2026-05-15,Hair Growth System (Device),1,495.0,0.0,495.0,140.0
1918,1443,2026-03-29,Scalp Serum,1,59.0,0.0,59.0,14.0
1919,1443,2026-05-12,Replacement Cap Pads,1,39.0,0.0,39.0,9.0
1920,1443,2026-06-15,Replacement Cap Pads,1,39.0,0.1,35.1,9.0
1921,1444,2026-07-13,Hair Growth System (Device),1,495.0,0.0,495.0,140.0
1922,1445,2026-04-24,Hair Growth System (Device),1,495.0,0.0,495.0,140.0
1923,1446,2026-01-23,Scalp Serum,1,59.0,0.0,59.0,14.0
1924,1447,2026-07-18,Hair Growth System (Device),1,495.0,0.0,495.0,140.0
1925,1448,2026-03-19,Hair Growth System (Device),1,495.0,0.0,495.0,140.0
1926,1448,2026-04-18,Scalp Serum,1,59.0,0.0,59.0,14.0
1927,1449,2026-07-15,Hair Growth System (Device),1,495.0,0.15,420.75,140.0
1928,1450,2026-07-23,Scalp Serum,1,59.0,0.0,59.0,14.0
1929,1451,2026-05-18,Hair Growth System (Device),1,495.0,0.0,495.0,140.0
1930,1452,2026-04-11,Hair Growth System (Device),1,495.0,0.0,495.0,140.0
1931,1453,2026-05-29,Hair Growth System (Device),1,495.0,0.0,495.0,140.0
1932,1454,2026-04-20,Replacement Cap Pads,1,39.0,0.0,39.0,9.0
1933,1454,2026-05-21,Replacement Cap Pads,1,39.0,0.0,39.0,9.0
1934,1455,2026-01-14,Hair Growth System (Device),1,495.0,0.1,445.5,140.0
1935,1455,2026-05-16,Replacement Cap Pads,2,39.0,0.1,70.2,9.0
1936,1455,2026-06-02,Scalp Serum,1,59.0,0.0,59.0,14.0
1937,1456,2026-05-27,Hair Growth System (Device),1,495.0,0.0,495.0,140.0
1938,1457,2026-06-30,Hair Growth System (Device),1,495.0,0.0,495.0,140.0
1939,1458,2026-07-06,Red Light Face Mask,1,249.0,0.0,249.0,75.0
1940,1459,2026-07-19,Hair Growth System (Device),1,495.0,0.0,495.0,140.0
1941,1460,2026-07-01,Hair Growth System (Device),1,495.0,0.15,420.75,140.0
1942,1461,2026-06-17,Red Light Face Mask,1,249.0,0.0,249.0,75.0
1943,1461,2026-07-05,Scalp Serum,1,59.0,0.0,59.0,14.0
1944,1462,2026-01-15,Hair Growth System (Device),1,495.0,0.0,495.0,140.0
1945,1462,2026-03-01,Scalp Serum,1,59.0,0.0,59.0,14.0
1946,1463,2026-07-20,Hair Growth System (Device),1,495.0,0.15,420.75,140.0
1947,1464,2026-05-06,Replacement Cap Pads,1,39.0,0.0,39.0,9.0
1948,1465,2026-03-28,Hair Growth System (Device),1,495.0,0.1,445.5,140.0
1949,1466,2026-04-27,Scalp Serum,1,59.0,0.0,59.0,14.0
1950,1466,2026-06-06,Scalp Serum,1,59.0,0.0,59.0,14.0
1951,1467,2026-06-17,Hair Growth System (Device),1,495.0,0.0,495.0,140.0
1952,1468,2026-06-20,Hair Growth System (Device),1,495.0,0.0,495.0,140.0
1953,1469,2026-02-04,Hair Growth System (Device),1,495.0,0.0,495.0,140.0
1954,1469,2026-04-19,Red Light Face Mask,1,249.0,0.0,249.0,75.0
1955,1470,2026-07-06,Hair Growth System (Device),1,495.0,0.0,495.0,140.0
1956,1471,2026-04-21,Hair Growth System (Device),1,495.0,0.0,495.0,140.0
1957,1472,2026-06-13,Scalp Serum,1,59.0,0.0,59.0,14.0
1958,1473,2026-06-21,Red Light Face Mask,1,249.0,0.1,224.1,75.0
1959,1474,2026-07-06,Scalp Serum,1,59.0,0.0,59.0,14.0
1960,1475,2026-06-03,Replacement Cap Pads,1,39.0,0.0,39.0,9.0
1961,1476,2026-07-27,Replacement Cap Pads,1,39.0,0.15,33.15,9.0
1962,1477,2026-07-13,Hair Growth System (Device),1,495.0,0.0,495.0,140.0
1963,1478,2026-05-11,Hair Growth System (Device),1,495.0,0.0,495.0,140.0
1964,1479,2026-03-28,Hair Growth System (Device),1,495.0,0.1,445.5,140.0
1965,1480,2026-01-14,Hair Growth System (Device),1,495.0,0.0,495.0,140.0
1966,1480,2026-02-26,Red Light Face Mask,1,249.0,0.0,249.0,75.0
1967,1481,2026-05-14,Red Light Face Mask,1,249.0,0.0,249.0,75.0
1968,1482,2026-07-03,Replacement Cap Pads,1,39.0,0.0,39.0,9.0
1969,1483,2026-06-27,Hair Growth System (Device),1,495.0,0.0,495.0,140.0
1970,1483,2026-07-17,Scalp Serum,2,59.0,0.15,100.3,14.0
1971,1484,2026-07-16,Hair Growth System (Device),1,495.0,0.0,495.0,140.0
1972,1485,2026-05-22,Red Light Face Mask,1,249.0,0.0,249.0,75.0
1973,1486,2026-06-24,Hair Growth System (Device),1,495.0,0.15,420.75,140.0
1974,1487,2026-06-18,Hair Growth System (Device),1,495.0,0.15,420.75,140.0
1975,1488,2026-07-22,Hair Growth System (Device),1,495.0,0.0,495.0,140.0
1976,1489,2026-04-20,Replacement Cap Pads,1,39.0,0.15,33.15,9.0
1977,1490,2026-05-12,Scalp Serum,1,59.0,0.0,59.0,14.0
1978,1491,2026-06-30,Scalp Serum,1,59.0,0.15,50.15,14.0
1979,1491,2026-07-06,Scalp Serum,1,59.0,0.1,53.1,14.0
1980,1492,2026-05-03,Red Light Face Mask,1,249.0,0.0,249.0,75.0
1981,1493,2026-06-06,Hair Growth System (Device),1,495.0,0.0,495.0,140.0
1982,1494,2026-01-24,Hair Growth System (Device),1,495.0,0.0,495.0,140.0
1983,1495,2026-05-21,Red Light Face Mask,1,249.0,0.15,211.65,75.0
1984,1495,2026-07-07,Scalp Serum,1,59.0,0.15,50.15,14.0
1985,1496,2026-04-03,Hair Growth System (Device),1,495.0,0.0,495.0,140.0
1986,1496,2026-06-17,Scalp Serum,2,59.0,0.0,118.0,14.0
1987,1497,2026-07-24,Hair Growth System (Device),1,495.0,0.0,495.0,140.0
1988,1498,2026-07-25,Hair Growth System (Device),1,495.0,0.0,495.0,140.0
1989,1499,2026-03-15,Red Light Face Mask,1,249.0,0.0,249.0,75.0
1990,1500,2026-06-20,Red Light Face Mask,1,249.0,0.0,249.0,75.0
1991,1501,2026-07-27,Hair Growth System (Device),1,495.0,0.0,495.0,140.0
1992,1502,2026-04-17,Red Light Face Mask,1,249.0,0.0,249.0,75.0
1993,1502,2026-06-20,Red Light Face Mask,1,249.0,0.0,249.0,75.0
1994,1503,2026-06-18,Hair Growth System (Device),1,495.0,0.0,495.0,140.0
1995,1504,2026-05-18,Hair Growth System (Device),1,495.0,0.15,420.75,140.0
1996,1504,2026-07-13,Scalp Serum,1,59.0,0.0,59.0,14.0
1997,1505,2026-04-30,Hair Growth System (Device),1,495.0,0.0,495.0,140.0
1998,1505,2026-05-24,Scalp Serum,1,59.0,0.0,59.0,14.0
1999,1505,2026-07-25,Red Light Face Mask,2,249.0,0.0,498.0,75.0
2000,1506,2026-07-06,Hair Growth System (Device),1,495.0,0.0,495.0,140.0
2001,1507,2026-02-21,Replacement Cap Pads,1,39.0,0.0,39.0,9.0
2002,1507,2026-07-27,Scalp Serum,1,59.0,0.0,59.0,14.0
2003,1508,2026-05-28,Red Light Face Mask,1,249.0,0.0,249.0,75.0
2004,1509,2026-03-31,Hair Growth System (Device),1,495.0,0.0,495.0,140.0
2005,1509,2026-06-04,Scalp Serum,1,59.0,0.0,59.0,14.0
2006,1510,2026-07-04,Hair Growth System (Device),1,495.0,0.0,495.0,140.0
2007,1511,2026-07-21,Hair Growth System (Device),1,495.0,0.15,420.75,140.0
2008,1512,2026-02-26,Scalp Serum,1,59.0,0.0,59.0,14.0
2009,1512,2026-04-04,Red Light Face Mask,1,249.0,0.0,249.0,75.0
2010,1513,2026-07-19,Red Light Face Mask,1,249.0,0.0,249.0,75.0
2011,1514,2026-07-23,Hair Growth System (Device),1,495.0,0.15,420.75,140.0
2012,1515,2026-06-26,Hair Growth System (Device),1,495.0,0.0,495.0,140.0
2013,1516,2026-06-01,Hair Growth System (Device),1,495.0,0.0,495.0,140.0
2014,1517,2026-05-20,Hair Growth System (Device),1,495.0,0.0,495.0,140.0
2015,1517,2026-07-10,Scalp Serum,1,59.0,0.0,59.0,14.0
2016,1518,2026-07-06,Scalp Serum,1,59.0,0.0,59.0,14.0
2017,1519,2026-07-26,Hair Growth System (Device),1,495.0,0.0,495.0,140.0
2018,1520,2026-06-08,Hair Growth System (Device),1,495.0,0.15,420.75,140.0
2019,1521,2026-06-24,Hair Growth System (Device),1,495.0,0.0,495.0,140.0
2020,1522,2026-07-26,Hair Growth System (Device),1,495.0,0.0,495.0,140.0
2021,1523,2026-07-26,Hair Growth System (Device),1,495.0,0.0,495.0,140.0
2022,1524,2026-07-04,Red Light Face Mask,1,249.0,0.0,249.0,75.0
2023,1525,2026-01-26,Hair Growth System (Device),1,495.0,0.0,495.0,140.0
2024,1525,2026-06-14,Scalp Serum,1,59.0,0.0,59.0,14.0
2025,1526,2026-03-10,Hair Growth System (Device),1,495.0,0.0,495.0,140.0
2026,1526,2026-04-09,Scalp Serum,1,59.0,0.0,59.0,14.0
2027,1526,2026-05-17,Replacement Cap Pads,1,39.0,0.0,39.0,9.0
2028,1527,2026-07-18,Replacement Cap Pads,1,39.0,0.0,39.0,9.0
2029,1528,2026-01-12,Scalp Serum,1,59.0,0.2,47.2,14.0
2030,1528,2026-04-23,Scalp Serum,1,59.0,0.0,59.0,14.0
2031,1528,2026-06-14,Red Light Face Mask,2,249.0,0.0,498.0,75.0
2032,1529,2026-07-07,Hair Growth System (Device),1,495.0,0.0,495.0,140.0
2033,1530,2026-07-27,Hair Growth System (Device),1,495.0,0.15,420.75,140.0
2034,1531,2026-01-28,Scalp Serum,1,59.0,0.0,59.0,14.0
2035,1531,2026-02-28,Scalp Serum,1,59.0,0.0,59.0,14.0
2036,1531,2026-05-17,Scalp Serum,1,59.0,0.0,59.0,14.0
2037,1531,2026-06-23,Scalp Serum,1,59.0,0.1,53.1,14.0
2038,1532,2026-06-29,Scalp Serum,1,59.0,0.0,59.0,14.0
2039,1533,2026-06-20,Scalp Serum,1,59.0,0.0,59.0,14.0
2040,1534,2026-07-16,Scalp Serum,1,59.0,0.0,59.0,14.0
2041,1535,2026-04-12,Hair Growth System (Device),1,495.0,0.0,495.0,140.0
2042,1536,2026-05-28,Red Light Face Mask,1,249.0,0.0,249.0,75.0
2043,1537,2026-06-15,Hair Growth System (Device),1,495.0,0.1,445.5,140.0
2044,1538,2026-01-26,Hair Growth System (Device),1,495.0,0.0,495.0,140.0
2045,1538,2026-03-04,Scalp Serum,2,59.0,0.0,118.0,14.0
2046,1539,2026-07-11,Hair Growth System (Device),1,495.0,0.2,396.0,140.0
2047,1540,2026-07-12,Hair Growth System (Device),1,495.0,0.0,495.0,140.0
2048,1541,2026-03-13,Replacement Cap Pads,1,39.0,0.0,39.0,9.0
2049,1541,2026-06-17,Scalp Serum,1,59.0,0.0,59.0,14.0
2050,1541,2026-07-24,Replacement Cap Pads,1,39.0,0.0,39.0,9.0
2051,1542,2026-02-03,Hair Growth System (Device),1,495.0,0.15,420.75,140.0
2052,1543,2026-06-23,Hair Growth System (Device),1,495.0,0.0,495.0,140.0
2053,1544,2026-06-10,Scalp Serum,1,59.0,0.1,53.1,14.0
2054,1544,2026-07-18,Replacement Cap Pads,1,39.0,0.1,35.1,9.0
2055,1545,2026-07-07,Replacement Cap Pads,1,39.0,0.0,39.0,9.0
2056,1546,2026-05-03,Hair Growth System (Device),1,495.0,0.0,495.0,140.0
2057,1547,2026-05-16,Hair Growth System (Device),1,495.0,0.15,420.75,140.0
2058,1548,2026-05-20,Scalp Serum,1,59.0,0.0,59.0,14.0
2059,1549,2026-03-08,Scalp Serum,1,59.0,0.0,59.0,14.0
2060,1549,2026-06-24,Replacement Cap Pads,1,39.0,0.0,39.0,9.0
2061,1550,2026-07-06,Scalp Serum,1,59.0,0.1,53.1,14.0
2062,1551,2026-01-17,Hair Growth System (Device),1,495.0,0.1,445.5,140.0
2063,1551,2026-05-10,Scalp Serum,1,59.0,0.0,59.0,14.0
2064,1552,2026-06-20,Hair Growth System (Device),1,495.0,0.0,495.0,140.0
2065,1553,2026-07-09,Scalp Serum,1,59.0,0.15,50.15,14.0
2066,1554,2026-04-06,Scalp Serum,1,59.0,0.0,59.0,14.0
2067,1554,2026-07-14,Replacement Cap Pads,1,39.0,0.0,39.0,9.0
2068,1555,2026-05-16,Hair Growth System (Device),1,495.0,0.0,495.0,140.0
2069,1556,2026-01-16,Scalp Serum,1,59.0,0.0,59.0,14.0
2070,1557,2026-07-11,Hair Growth System (Device),1,495.0,0.0,495.0,140.0
2071,1558,2026-06-07,Hair Growth System (Device),1,495.0,0.1,445.5,140.0
2072,1559,2026-07-28,Replacement Cap Pads,1,39.0,0.0,39.0,9.0
2073,1560,2026-07-29,Hair Growth System (Device),1,495.0,0.0,495.0,140.0
2074,1561,2026-06-17,Hair Growth System (Device),1,495.0,0.15,420.75,140.0
2075,1562,2026-03-12,Hair Growth System (Device),1,495.0,0.0,495.0,140.0
2076,1562,2026-05-25,Scalp Serum,1,59.0,0.0,59.0,14.0
2077,1563,2026-07-21,Hair Growth System (Device),1,495.0,0.0,495.0,140.0
2078,1564,2026-07-22,Replacement Cap Pads,1,39.0,0.15,33.15,9.0
2079,1565,2026-04-07,Hair Growth System (Device),1,495.0,0.0,495.0,140.0
2080,1566,2026-07-19,Hair Growth System (Device),1,495.0,0.0,495.0,140.0
2081,1567,2026-02-18,Hair Growth System (Device),1,495.0,0.0,495.0,140.0
2082,1567,2026-04-06,Replacement Cap Pads,1,39.0,0.0,39.0,9.0
2083,1568,2026-06-01,Hair Growth System (Device),1,495.0,0.15,420.75,140.0
2084,1569,2026-05-21,Hair Growth System (Device),1,495.0,0.0,495.0,140.0
2085,1569,2026-06-22,Scalp Serum,1,59.0,0.0,59.0,14.0
2086,1570,2026-07-02,Hair Growth System (Device),1,495.0,0.15,420.75,140.0
2087,1571,2026-03-12,Red Light Face Mask,1,249.0,0.0,249.0,75.0
2088,1571,2026-06-15,Red Light Face Mask,1,249.0,0.1,224.1,75.0
2089,1571,2026-07-22,Scalp Serum,1,59.0,0.0,59.0,14.0
2090,1572,2026-05-16,Replacement Cap Pads,1,39.0,0.0,39.0,9.0
2091,1573,2026-02-27,Scalp Serum,1,59.0,0.0,59.0,14.0
2092,1573,2026-03-12,Red Light Face Mask,2,249.0,0.0,498.0,75.0
2093,1573,2026-06-18,Scalp Serum,1,59.0,0.0,59.0,14.0
2094,1574,2026-04-09,Hair Growth System (Device),1,495.0,0.0,495.0,140.0
2095,1574,2026-06-16,Scalp Serum,1,59.0,0.0,59.0,14.0
2096,1575,2026-05-09,Hair Growth System (Device),1,495.0,0.0,495.0,140.0
2097,1576,2026-05-07,Red Light Face Mask,1,249.0,0.0,249.0,75.0
2098,1577,2026-02-07,Hair Growth System (Device),1,495.0,0.2,396.0,140.0
2099,1577,2026-03-02,Replacement Cap Pads,2,39.0,0.0,78.0,9.0
2100,1578,2026-05-24,Replacement Cap Pads,1,39.0,0.0,39.0,9.0
2101,1578,2026-07-25,Scalp Serum,1,59.0,0.0,59.0,14.0
2102,1579,2026-04-09,Red Light Face Mask,1,249.0,0.0,249.0,75.0
2103,1580,2026-07-08,Hair Growth System (Device),1,495.0,0.0,495.0,140.0
2104,1581,2026-06-10,Red Light Face Mask,1,249.0,0.0,249.0,75.0
2105,1582,2026-05-16,Hair Growth System (Device),1,495.0,0.0,495.0,140.0
2106,1583,2026-04-09,Hair Growth System (Device),1,495.0,0.0,495.0,140.0
2107,1584,2026-01-26,Hair Growth System (Device),1,495.0,0.0,495.0,140.0
2108,1584,2026-06-08,Replacement Cap Pads,1,39.0,0.0,39.0,9.0
2109,1585,2026-04-16,Hair Growth System (Device),1,495.0,0.0,495.0,140.0
2110,1585,2026-07-28,Replacement Cap Pads,1,39.0,0.0,39.0,9.0
2111,1586,2026-07-23,Hair Growth System (Device),1,495.0,0.0,495.0,140.0
2112,1587,2026-07-19,Hair Growth System (Device),1,495.0,0.0,495.0,140.0
2113,1588,2026-07-30,Red Light Face Mask,1,249.0,0.15,211.65,75.0
2114,1589,2026-05-18,Replacement Cap Pads,1,39.0,0.0,39.0,9.0
2115,1589,2026-07-16,Red Light Face Mask,1,249.0,0.0,249.0,75.0
2116,1590,2026-06-26,Hair Growth System (Device),1,495.0,0.0,495.0,140.0
2117,1591,2026-03-02,Scalp Serum,1,59.0,0.0,59.0,14.0
2118,1591,2026-07-06,Replacement Cap Pads,1,39.0,0.0,39.0,9.0
2119,1592,2026-05-15,Red Light Face Mask,1,249.0,0.0,249.0,75.0
2120,1592,2026-06-16,Scalp Serum,1,59.0,0.0,59.0,14.0
2121,1593,2026-04-14,Hair Growth System (Device),1,495.0,0.15,420.75,140.0
2122,1594,2026-06-22,Scalp Serum,1,59.0,0.0,59.0,14.0
2123,1595,2026-06-09,Hair Growth System (Device),1,495.0,0.0,495.0,140.0
2124,1596,2026-05-24,Hair Growth System (Device),1,495.0,0.1,445.5,140.0
2125,1597,2026-04-01,Scalp Serum,1,59.0,0.15,50.15,14.0
2126,1598,2026-06-27,Hair Growth System (Device),1,495.0,0.0,495.0,140.0
2127,1599,2026-05-11,Red Light Face Mask,1,249.0,0.0,249.0,75.0
2128,1600,2026-04-25,Scalp Serum,1,59.0,0.0,59.0,14.0
2129,1600,2026-07-17,Scalp Serum,1,59.0,0.0,59.0,14.0
2130,1601,2026-06-15,Red Light Face Mask,1,249.0,0.0,249.0,75.0
2131,1601,2026-07-17,Replacement Cap Pads,1,39.0,0.0,39.0,9.0
2132,1602,2026-06-24,Hair Growth System (Device),1,495.0,0.0,495.0,140.0
2133,1603,2026-07-23,Hair Growth System (Device),1,495.0,0.15,420.75,140.0
2134,1604,2026-05-08,Hair Growth System (Device),1,495.0,0.1,445.5,140.0
2135,1605,2026-05-24,Hair Growth System (Device),1,495.0,0.1,445.5,140.0
2136,1606,2026-06-19,Hair Growth System (Device),1,495.0,0.0,495.0,140.0
2137,1607,2026-07-05,Hair Growth System (Device),1,495.0,0.0,495.0,140.0
2138,1608,2026-06-05,Scalp Serum,1,59.0,0.15,50.15,14.0
2139,1609,2026-07-03,Hair Growth System (Device),1,495.0,0.1,445.5,140.0
2140,1610,2026-07-03,Hair Growth System (Device),1,495.0,0.0,495.0,140.0
2141,1611,2026-07-19,Scalp Serum,1,59.0,0.0,59.0,14.0
2142,1612,2026-01-26,Hair Growth System (Device),1,495.0,0.0,495.0,140.0
2143,1613,2026-03-15,Hair Growth System (Device),1,495.0,0.1,445.5,140.0
2144,1613,2026-05-07,Scalp Serum,2,59.0,0.0,118.0,14.0
2145,1614,2026-06-04,Hair Growth System (Device),1,495.0,0.1,445.5,140.0
2146,1615,2026-07-08,Red Light Face Mask,1,249.0,0.0,249.0,75.0
2147,1616,2026-07-24,Scalp Serum,1,59.0,0.0,59.0,14.0
2148,1617,2026-05-23,Hair Growth System (Device),1,495.0,0.0,495.0,140.0
2149,1617,2026-06-11,Replacement Cap Pads,2,39.0,0.0,78.0,9.0
2150,1617,2026-07-27,Red Light Face Mask,1,249.0,0.0,249.0,75.0
2151,1618,2026-04-24,Scalp Serum,1,59.0,0.0,59.0,14.0
2152,1619,2026-04-21,Hair Growth System (Device),1,495.0,0.0,495.0,140.0
2153,1620,2026-07-17,Hair Growth System (Device),1,495.0,0.1,445.5,140.0
2154,1621,2026-04-25,Red Light Face Mask,1,249.0,0.0,249.0,75.0
2155,1622,2026-03-18,Scalp Serum,1,59.0,0.15,50.15,14.0
2156,1623,2026-06-19,Hair Growth System (Device),1,495.0,0.0,495.0,140.0
2157,1624,2026-07-17,Scalp Serum,1,59.0,0.1,53.1,14.0
2158,1625,2026-06-19,Hair Growth System (Device),1,495.0,0.0,495.0,140.0
2159,1626,2026-06-19,Scalp Serum,1,59.0,0.0,59.0,14.0
2160,1627,2026-06-26,Red Light Face Mask,1,249.0,0.1,224.1,75.0
2161,1628,2026-04-27,Replacement Cap Pads,1,39.0,0.0,39.0,9.0
2162,1629,2026-03-29,Hair Growth System (Device),1,495.0,0.0,495.0,140.0
2163,1629,2026-04-19,Scalp Serum,1,59.0,0.1,53.1,14.0
2164,1629,2026-07-07,Scalp Serum,2,59.0,0.0,118.0,14.0
2165,1630,2026-07-27,Red Light Face Mask,1,249.0,0.0,249.0,75.0
2166,1631,2026-05-06,Hair Growth System (Device),1,495.0,0.0,495.0,140.0
2167,1631,2026-06-21,Replacement Cap Pads,1,39.0,0.0,39.0,9.0
2168,1632,2026-07-22,Replacement Cap Pads,1,39.0,0.1,35.1,9.0
2169,1633,2026-07-28,Hair Growth System (Device),1,495.0,0.0,495.0,140.0
2170,1634,2026-06-22,Hair Growth System (Device),1,495.0,0.2,396.0,140.0
2171,1635,2026-01-29,Hair Growth System (Device),1,495.0,0.0,495.0,140.0
2172,1635,2026-05-22,Replacement Cap Pads,1,39.0,0.0,39.0,9.0
2173,1636,2026-04-06,Hair Growth System (Device),1,495.0,0.0,495.0,140.0
2174,1637,2026-07-28,Hair Growth System (Device),1,495.0,0.1,445.5,140.0
2175,1638,2026-07-28,Hair Growth System (Device),1,495.0,0.1,445.5,140.0
2176,1639,2026-02-03,Hair Growth System (Device),1,495.0,0.0,495.0,140.0
2177,1640,2026-07-23,Scalp Serum,1,59.0,0.0,59.0,14.0
2178,1641,2026-06-05,Scalp Serum,1,59.0,0.0,59.0,14.0
2179,1642,2026-04-25,Hair Growth System (Device),1,495.0,0.0,495.0,140.0
2180,1642,2026-06-18,Red Light Face Mask,1,249.0,0.1,224.1,75.0
2181,1643,2026-07-03,Hair Growth System (Device),1,495.0,0.0,495.0,140.0
2182,1644,2026-07-08,Hair Growth System (Device),1,495.0,0.0,495.0,140.0
2183,1645,2026-05-03,Scalp Serum,1,59.0,0.0,59.0,14.0
2184,1645,2026-06-27,Scalp Serum,1,59.0,0.1,53.1,14.0
2185,1646,2026-02-12,Hair Growth System (Device),1,495.0,0.0,495.0,140.0
2186,1646,2026-07-23,Scalp Serum,2,59.0,0.0,118.0,14.0
2187,1647,2026-06-15,Replacement Cap Pads,1,39.0,0.0,39.0,9.0
2188,1648,2026-05-01,Hair Growth System (Device),1,495.0,0.0,495.0,140.0
2189,1649,2026-06-03,Hair Growth System (Device),1,495.0,0.0,495.0,140.0
2190,1650,2026-04-04,Hair Growth System (Device),1,495.0,0.0,495.0,140.0
2191,1651,2026-06-23,Replacement Cap Pads,1,39.0,0.2,31.2,9.0
2192,1651,2026-07-10,Replacement Cap Pads,2,39.0,0.0,78.0,9.0
2193,1652,2026-05-13,Hair Growth System (Device),1,495.0,0.0,495.0,140.0
2194,1653,2026-05-31,Scalp Serum,1,59.0,0.0,59.0,14.0
2195,1654,2026-05-14,Hair Growth System (Device),1,495.0,0.0,495.0,140.0
2196,1655,2026-05-12,Scalp Serum,1,59.0,0.0,59.0,14.0
2197,1656,2026-04-28,Hair Growth System (Device),1,495.0,0.0,495.0,140.0
2198,1656,2026-05-20,Scalp Serum,2,59.0,0.2,94.4,14.0
2199,1657,2026-04-08,Hair Growth System (Device),1,495.0,0.0,495.0,140.0
2200,1657,2026-06-09,Replacement Cap Pads,1,39.0,0.0,39.0,9.0
2201,1658,2026-05-17,Hair Growth System (Device),1,495.0,0.15,420.75,140.0
2202,1659,2026-06-30,Red Light Face Mask,1,249.0,0.0,249.0,75.0
2203,1660,2026-05-16,Hair Growth System (Device),1,495.0,0.15,420.75,140.0
2204,1661,2026-03-21,Replacement Cap Pads,1,39.0,0.0,39.0,9.0
2205,1661,2026-05-18,Scalp Serum,1,59.0,0.0,59.0,14.0
2206,1661,2026-07-14,Scalp Serum,1,59.0,0.0,59.0,14.0
2207,1662,2026-06-02,Red Light Face Mask,1,249.0,0.0,249.0,75.0
2208,1662,2026-07-22,Replacement Cap Pads,1,39.0,0.0,39.0,9.0
2209,1663,2026-06-12,Hair Growth System (Device),1,495.0,0.0,495.0,140.0
2210,1664,2026-06-18,Replacement Cap Pads,1,39.0,0.15,33.15,9.0
2211,1665,2026-05-24,Scalp Serum,1,59.0,0.0,59.0,14.0
2212,1666,2026-04-05,Replacement Cap Pads,1,39.0,0.15,33.15,9.0
2213,1667,2026-05-28,Hair Growth System (Device),1,495.0,0.0,495.0,140.0
2214,1668,2026-06-11,Hair Growth System (Device),1,495.0,0.0,495.0,140.0
2215,1669,2026-04-10,Hair Growth System (Device),1,495.0,0.0,495.0,140.0
2216,1669,2026-06-27,Replacement Cap Pads,1,39.0,0.0,39.0,9.0
2217,1670,2026-04-26,Hair Growth System (Device),1,495.0,0.0,495.0,140.0
2218,1670,2026-07-26,Red Light Face Mask,1,249.0,0.0,249.0,75.0
2219,1671,2026-03-16,Replacement Cap Pads,1,39.0,0.1,35.1,9.0
2220,1671,2026-07-07,Scalp Serum,1,59.0,0.0,59.0,14.0
2221,1672,2026-03-31,Hair Growth System (Device),1,495.0,0.0,495.0,140.0
2222,1673,2026-02-05,Hair Growth System (Device),1,495.0,0.0,495.0,140.0
2223,1673,2026-04-08,Scalp Serum,1,59.0,0.0,59.0,14.0
2224,1673,2026-06-07,Red Light Face Mask,2,249.0,0.15,423.3,75.0
2225,1674,2026-06-13,Hair Growth System (Device),1,495.0,0.0,495.0,140.0
2226,1675,2026-05-20,Hair Growth System (Device),1,495.0,0.0,495.0,140.0
2227,1676,2026-07-28,Hair Growth System (Device),1,495.0,0.15,420.75,140.0
2228,1677,2026-06-30,Red Light Face Mask,1,249.0,0.0,249.0,75.0
2229,1678,2026-06-10,Hair Growth System (Device),1,495.0,0.0,495.0,140.0
2230,1678,2026-07-03,Replacement Cap Pads,1,39.0,0.0,39.0,9.0
2231,1679,2026-06-25,Scalp Serum,1,59.0,0.0,59.0,14.0
2232,1680,2026-05-07,Hair Growth System (Device),1,495.0,0.0,495.0,140.0
2233,1681,2026-01-17,Replacement Cap Pads,1,39.0,0.1,35.1,9.0
2234,1681,2026-03-20,Scalp Serum,1,59.0,0.0,59.0,14.0
2235,1681,2026-05-18,Replacement Cap Pads,2,39.0,0.0,78.0,9.0
2236,1682,2026-07-04,Hair Growth System (Device),1,495.0,0.0,495.0,140.0
2237,1683,2026-07-03,Hair Growth System (Device),1,495.0,0.15,420.75,140.0
2238,1684,2026-07-11,Hair Growth System (Device),1,495.0,0.0,495.0,140.0
2239,1685,2026-06-24,Hair Growth System (Device),1,495.0,0.2,396.0,140.0
2240,1686,2026-06-10,Replacement Cap Pads,1,39.0,0.0,39.0,9.0
2241,1686,2026-07-23,Replacement Cap Pads,1,39.0,0.0,39.0,9.0
2242,1687,2026-06-01,Hair Growth System (Device),1,495.0,0.0,495.0,140.0
2243,1688,2026-05-04,Hair Growth System (Device),1,495.0,0.0,495.0,140.0
2244,1688,2026-07-02,Scalp Serum,2,59.0,0.0,118.0,14.0
2245,1689,2026-03-24,Hair Growth System (Device),1,495.0,0.0,495.0,140.0
2246,1689,2026-05-25,Red Light Face Mask,1,249.0,0.0,249.0,75.0
2247,1690,2026-07-19,Hair Growth System (Device),1,495.0,0.1,445.5,140.0
2248,1691,2026-06-02,Scalp Serum,1,59.0,0.0,59.0,14.0
2249,1692,2026-07-03,Hair Growth System (Device),1,495.0,0.0,495.0,140.0
2250,1693,2026-02-28,Hair Growth System (Device),1,495.0,0.0,495.0,140.0
2251,1693,2026-05-05,Scalp Serum,1,59.0,0.15,50.15,14.0
2252,1693,2026-07-07,Replacement Cap Pads,2,39.0,0.0,78.0,9.0
2253,1694,2026-04-28,Replacement Cap Pads,1,39.0,0.0,39.0,9.0
2254,1694,2026-06-18,Scalp Serum,2,59.0,0.0,118.0,14.0
2255,1695,2026-07-19,Hair Growth System (Device),1,495.0,0.0,495.0,140.0
2256,1696,2026-05-04,Hair Growth System (Device),1,495.0,0.0,495.0,140.0
2257,1696,2026-06-09,Replacement Cap Pads,1,39.0,0.1,35.1,9.0
2258,1697,2026-07-10,Hair Growth System (Device),1,495.0,0.0,495.0,140.0
2259,1698,2026-03-21,Hair Growth System (Device),1,495.0,0.0,495.0,140.0
2260,1698,2026-07-15,Replacement Cap Pads,1,39.0,0.0,39.0,9.0
2261,1699,2026-03-18,Hair Growth System (Device),1,495.0,0.2,396.0,140.0
2262,1700,2026-07-06,Red Light Face Mask,1,249.0,0.0,249.0,75.0
2263,1701,2026-07-03,Hair Growth System (Device),1,495.0,0.0,495.0,140.0
2264,1702,2026-07-07,Hair Growth System (Device),1,495.0,0.0,495.0,140.0
2265,1703,2026-03-14,Hair Growth System (Device),1,495.0,0.15,420.75,140.0
2266,1703,2026-05-22,Red Light Face Mask,1,249.0,0.0,249.0,75.0
2267,1704,2026-06-22,Replacement Cap Pads,1,39.0,0.0,39.0,9.0
2268,1704,2026-07-07,Replacement Cap Pads,1,39.0,0.0,39.0,9.0
2269,1705,2026-07-22,Scalp Serum,1,59.0,0.0,59.0,14.0
2270,1706,2026-04-01,Hair Growth System (Device),1,495.0,0.0,495.0,140.0
2271,1707,2026-07-14,Hair Growth System (Device),1,495.0,0.0,495.0,140.0
2272,1708,2026-05-05,Red Light Face Mask,1,249.0,0.0,249.0,75.0
2273,1709,2026-06-30,Scalp Serum,1,59.0,0.0,59.0,14.0
2274,1710,2026-03-08,Hair Growth System (Device),1,495.0,0.0,495.0,140.0
2275,1710,2026-04-11,Replacement Cap Pads,1,39.0,0.0,39.0,9.0
2276,1711,2026-04-09,Scalp Serum,1,59.0,0.0,59.0,14.0
2277,1712,2026-07-20,Scalp Serum,1,59.0,0.1,53.1,14.0
2278,1713,2026-03-08,Red Light Face Mask,1,249.0,0.0,249.0,75.0
2279,1713,2026-05-02,Scalp Serum,1,59.0,0.0,59.0,14.0
2280,1714,2026-06-27,Hair Growth System (Device),1,495.0,0.0,495.0,140.0
2281,1715,2026-05-20,Scalp Serum,1,59.0,0.2,47.2,14.0
2282,1715,2026-07-10,Scalp Serum,1,59.0,0.0,59.0,14.0
2283,1716,2026-05-06,Hair Growth System (Device),1,495.0,0.0,495.0,140.0
2284,1717,2026-04-11,Hair Growth System (Device),1,495.0,0.1,445.5,140.0
2285,1718,2026-03-16,Red Light Face Mask,1,249.0,0.0,249.0,75.0
2286,1719,2026-07-04,Hair Growth System (Device),1,495.0,0.0,495.0,140.0
2287,1720,2026-01-30,Hair Growth System (Device),1,495.0,0.2,396.0,140.0
2288,1720,2026-03-17,Replacement Cap Pads,2,39.0,0.0,78.0,9.0
2289,1721,2026-07-01,Red Light Face Mask,1,249.0,0.0,249.0,75.0
2290,1722,2026-04-11,Scalp Serum,1,59.0,0.0,59.0,14.0
2291,1723,2026-05-19,Hair Growth System (Device),1,495.0,0.15,420.75,140.0
2292,1723,2026-07-18,Scalp Serum,2,59.0,0.0,118.0,14.0
2293,1724,2026-07-09,Hair Growth System (Device),1,495.0,0.0,495.0,140.0
2294,1725,2026-01-24,Hair Growth System (Device),1,495.0,0.0,495.0,140.0
2295,1725,2026-02-17,Scalp Serum,1,59.0,0.0,59.0,14.0
2296,1725,2026-03-01,Replacement Cap Pads,1,39.0,0.0,39.0,9.0
2297,1725,2026-07-15,Scalp Serum,2,59.0,0.0,118.0,14.0
2298,1726,2026-05-13,Scalp Serum,1,59.0,0.0,59.0,14.0
2299,1727,2026-03-14,Hair Growth System (Device),1,495.0,0.2,396.0,140.0
2300,1728,2026-07-28,Hair Growth System (Device),1,495.0,0.0,495.0,140.0
2301,1729,2026-03-28,Hair Growth System (Device),1,495.0,0.0,495.0,140.0
2302,1730,2026-04-05,Scalp Serum,1,59.0,0.0,59.0,14.0
2303,1730,2026-05-27,Scalp Serum,1,59.0,0.15,50.15,14.0
2304,1730,2026-06-03,Scalp Serum,1,59.0,0.0,59.0,14.0
2305,1731,2026-04-12,Scalp Serum,1,59.0,0.0,59.0,14.0
2306,1731,2026-06-26,Replacement Cap Pads,1,39.0,0.0,39.0,9.0
2307,1731,2026-07-26,Replacement Cap Pads,1,39.0,0.0,39.0,9.0
2308,1732,2026-07-04,Hair Growth System (Device),1,495.0,0.1,445.5,140.0
2309,1733,2026-07-03,Hair Growth System (Device),1,495.0,0.0,495.0,140.0
2310,1734,2026-05-06,Hair Growth System (Device),1,495.0,0.0,495.0,140.0
2311,1735,2026-07-29,Hair Growth System (Device),1,495.0,0.15,420.75,140.0
2312,1736,2026-05-23,Hair Growth System (Device),1,495.0,0.0,495.0,140.0
2313,1737,2026-04-12,Hair Growth System (Device),1,495.0,0.0,495.0,140.0
2314,1737,2026-07-25,Scalp Serum,1,59.0,0.0,59.0,14.0
2315,1738,2026-07-01,Hair Growth System (Device),1,495.0,0.0,495.0,140.0
2316,1739,2026-01-06,Hair Growth System (Device),1,495.0,0.0,495.0,140.0
2317,1739,2026-04-13,Red Light Face Mask,1,249.0,0.0,249.0,75.0
2318,1740,2026-06-16,Scalp Serum,1,59.0,0.15,50.15,14.0
2319,1741,2026-07-02,Replacement Cap Pads,1,39.0,0.0,39.0,9.0
2320,1742,2026-04-05,Red Light Face Mask,1,249.0,0.0,249.0,75.0
2321,1742,2026-05-12,Red Light Face Mask,2,249.0,0.0,498.0,75.0
2322,1742,2026-07-25,Scalp Serum,1,59.0,0.0,59.0,14.0
2323,1743,2026-04-18,Hair Growth System (Device),1,495.0,0.0,495.0,140.0
2324,1744,2026-06-06,Replacement Cap Pads,1,39.0,0.2,31.2,9.0
2325,1745,2026-05-19,Hair Growth System (Device),1,495.0,0.0,495.0,140.0
2326,1745,2026-07-15,Scalp Serum,1,59.0,0.0,59.0,14.0
2327,1746,2026-04-29,Hair Growth System (Device),1,495.0,0.0,495.0,140.0
2328,1746,2026-05-08,Scalp Serum,1,59.0,0.0,59.0,14.0
2329,1746,2026-06-24,Replacement Cap Pads,1,39.0,0.0,39.0,9.0
2330,1747,2026-02-08,Scalp Serum,1,59.0,0.2,47.2,14.0
2331,1747,2026-04-01,Scalp Serum,1,59.0,0.15,50.15,14.0
2332,1747,2026-06-14,Replacement Cap Pads,1,39.0,0.0,39.0,9.0
2333,1748,2026-06-27,Red Light Face Mask,1,249.0,0.15,211.65,75.0
2334,1749,2026-06-28,Hair Growth System (Device),1,495.0,0.0,495.0,140.0
2335,1750,2026-06-23,Hair Growth System (Device),1,495.0,0.0,495.0,140.0
2336,1751,2026-06-09,Hair Growth System (Device),1,495.0,0.2,396.0,140.0
2337,1752,2026-05-31,Hair Growth System (Device),1,495.0,0.1,445.5,140.0
2338,1752,2026-06-11,Replacement Cap Pads,1,39.0,0.0,39.0,9.0
2339,1753,2026-07-27,Scalp Serum,1,59.0,0.0,59.0,14.0
2340,1754,2026-07-28,Hair Growth System (Device),1,495.0,0.0,495.0,140.0
2341,1755,2026-02-14,Hair Growth System (Device),1,495.0,0.0,495.0,140.0
2342,1756,2026-02-04,Hair Growth System (Device),1,495.0,0.15,420.75,140.0
2343,1756,2026-05-06,Scalp Serum,2,59.0,0.0,118.0,14.0
2344,1756,2026-06-14,Scalp Serum,2,59.0,0.15,100.3,14.0
2345,1757,2026-05-04,Replacement Cap Pads,1,39.0,0.2,31.2,9.0
2346,1758,2026-06-21,Hair Growth System (Device),1,495.0,0.15,420.75,140.0
2347,1759,2026-06-12,Red Light Face Mask,1,249.0,0.0,249.0,75.0
2348,1760,2026-04-27,Hair Growth System (Device),1,495.0,0.1,445.5,140.0
2349,1761,2026-05-01,Hair Growth System (Device),1,495.0,0.0,495.0,140.0
2350,1761,2026-06-01,Scalp Serum,1,59.0,0.0,59.0,14.0
2351,1762,2026-06-09,Replacement Cap Pads,1,39.0,0.0,39.0,9.0
2352,1763,2026-06-26,Red Light Face Mask,1,249.0,0.2,199.2,75.0
2353,1763,2026-07-09,Scalp Serum,1,59.0,0.0,59.0,14.0
2354,1764,2026-05-10,Hair Growth System (Device),1,495.0,0.0,495.0,140.0
2355,1765,2026-07-09,Hair Growth System (Device),1,495.0,0.0,495.0,140.0
2356,1766,2026-05-03,Hair Growth System (Device),1,495.0,0.1,445.5,140.0
2357,1767,2026-05-03,Scalp Serum,1,59.0,0.0,59.0,14.0
2358,1768,2026-05-20,Hair Growth System (Device),1,495.0,0.2,396.0,140.0
2359,1769,2026-07-07,Hair Growth System (Device),1,495.0,0.1,445.5,140.0
2360,1770,2026-04-24,Replacement Cap Pads,1,39.0,0.0,39.0,9.0
2361,1770,2026-07-17,Replacement Cap Pads,1,39.0,0.0,39.0,9.0
2362,1771,2026-05-14,Hair Growth System (Device),1,495.0,0.0,495.0,140.0
2363,1772,2026-03-05,Scalp Serum,1,59.0,0.1,53.1,14.0
2364,1773,2026-05-03,Hair Growth System (Device),1,495.0,0.0,495.0,140.0
2365,1774,2026-05-26,Red Light Face Mask,1,249.0,0.0,249.0,75.0
2366,1774,2026-07-27,Replacement Cap Pads,1,39.0,0.2,31.2,9.0
2367,1775,2026-06-20,Hair Growth System (Device),1,495.0,0.0,495.0,140.0
2368,1776,2026-05-19,Hair Growth System (Device),1,495.0,0.0,495.0,140.0
2369,1777,2026-05-14,Hair Growth System (Device),1,495.0,0.15,420.75,140.0
2370,1777,2026-06-10,Scalp Serum,2,59.0,0.0,118.0,14.0
2371,1778,2026-07-04,Hair Growth System (Device),1,495.0,0.0,495.0,140.0
2372,1779,2026-06-26,Scalp Serum,1,59.0,0.15,50.15,14.0
2373,1780,2026-04-08,Red Light Face Mask,1,249.0,0.0,249.0,75.0
2374,1780,2026-05-04,Replacement Cap Pads,2,39.0,0.0,78.0,9.0
2375,1781,2026-05-25,Red Light Face Mask,1,249.0,0.0,249.0,75.0
2376,1781,2026-07-10,Scalp Serum,2,59.0,0.0,118.0,14.0
2377,1782,2026-06-15,Hair Growth System (Device),1,495.0,0.1,445.5,140.0
2378,1783,2026-06-08,Hair Growth System (Device),1,495.0,0.1,445.5,140.0
2379,1784,2026-05-08,Scalp Serum,1,59.0,0.0,59.0,14.0
2380,1785,2026-06-24,Replacement Cap Pads,1,39.0,0.15,33.15,9.0
2381,1785,2026-07-12,Red Light Face Mask,1,249.0,0.0,249.0,75.0
2382,1786,2026-04-30,Hair Growth System (Device),1,495.0,0.0,495.0,140.0
2383,1787,2026-04-06,Hair Growth System (Device),1,495.0,0.15,420.75,140.0
2384,1787,2026-07-11,Red Light Face Mask,1,249.0,0.0,249.0,75.0
2385,1788,2026-06-19,Hair Growth System (Device),1,495.0,0.0,495.0,140.0
2386,1789,2026-05-15,Hair Growth System (Device),1,495.0,0.0,495.0,140.0
2387,1790,2026-04-15,Scalp Serum,1,59.0,0.0,59.0,14.0
2388,1790,2026-07-04,Scalp Serum,2,59.0,0.0,118.0,14.0
2389,1791,2026-06-07,Hair Growth System (Device),1,495.0,0.0,495.0,140.0
2390,1791,2026-07-27,Replacement Cap Pads,1,39.0,0.0,39.0,9.0
2391,1792,2026-01-27,Hair Growth System (Device),1,495.0,0.0,495.0,140.0
2392,1793,2026-04-22,Hair Growth System (Device),1,495.0,0.1,445.5,140.0
2393,1793,2026-05-18,Red Light Face Mask,1,249.0,0.1,224.1,75.0
2394,1793,2026-06-18,Replacement Cap Pads,1,39.0,0.0,39.0,9.0
2395,1794,2026-02-13,Hair Growth System (Device),1,495.0,0.0,495.0,140.0
2396,1794,2026-05-22,Replacement Cap Pads,1,39.0,0.0,39.0,9.0
2397,1795,2026-07-19,Hair Growth System (Device),1,495.0,0.0,495.0,140.0
2398,1796,2026-02-23,Red Light Face Mask,1,249.0,0.0,249.0,75.0
2399,1797,2026-07-18,Hair Growth System (Device),1,495.0,0.0,495.0,140.0
2400,1798,2026-07-13,Hair Growth System (Device),1,495.0,0.0,495.0,140.0
2401,1799,2026-05-30,Hair Growth System (Device),1,495.0,0.0,495.0,140.0
2402,1799,2026-07-04,Replacement Cap Pads,1,39.0,0.0,39.0,9.0
2403,1800,2026-06-10,Red Light Face Mask,1,249.0,0.15,211.65,75.0
2404,1801,2026-05-29,Red Light Face Mask,1,249.0,0.15,211.65,75.0
2405,1801,2026-06-04,Scalp Serum,2,59.0,0.1,106.2,14.0
2406,1802,2026-07-05,Hair Growth System (Device),1,495.0,0.0,495.0,140.0
2407,1803,2026-07-01,Red Light Face Mask,1,249.0,0.0,249.0,75.0
2408,1804,2026-07-24,Hair Growth System (Device),1,495.0,0.2,396.0,140.0
2409,1805,2026-04-08,Red Light Face Mask,1,249.0,0.0,249.0,75.0
2410,1805,2026-07-23,Replacement Cap Pads,1,39.0,0.0,39.0,9.0
2411,1806,2026-07-16,Red Light Face Mask,1,249.0,0.0,249.0,75.0
2412,1807,2026-06-26,Hair Growth System (Device),1,495.0,0.15,420.75,140.0
2413,1808,2026-05-26,Hair Growth System (Device),1,495.0,0.0,495.0,140.0
2414,1809,2026-07-06,Scalp Serum,1,59.0,0.1,53.1,14.0
2415,1810,2026-05-08,Replacement Cap Pads,1,39.0,0.0,39.0,9.0
2416,1810,2026-07-03,Scalp Serum,2,59.0,0.0,118.0,14.0
2417,1811,2026-07-20,Hair Growth System (Device),1,495.0,0.1,445.5,140.0
2418,1812,2026-07-08,Scalp Serum,1,59.0,0.0,59.0,14.0
2419,1813,2026-06-22,Hair Growth System (Device),1,495.0,0.0,495.0,140.0
2420,1814,2026-06-18,Scalp Serum,1,59.0,0.15,50.15,14.0
2421,1815,2026-06-24,Hair Growth System (Device),1,495.0,0.0,495.0,140.0
2422,1815,2026-07-27,Scalp Serum,1,59.0,0.1,53.1,14.0
2423,1816,2026-05-21,Hair Growth System (Device),1,495.0,0.0,495.0,140.0
2424,1817,2026-07-23,Hair Growth System (Device),1,495.0,0.1,445.5,140.0
2425,1818,2026-07-24,Scalp Serum,1,59.0,0.0,59.0,14.0
2426,1819,2026-07-15,Red Light Face Mask,1,249.0,0.0,249.0,75.0
2427,1820,2026-04-29,Hair Growth System (Device),1,495.0,0.0,495.0,140.0
2428,1820,2026-07-03,Scalp Serum,2,59.0,0.1,106.2,14.0
2429,1821,2026-07-07,Hair Growth System (Device),1,495.0,0.0,495.0,140.0
2430,1822,2026-07-06,Hair Growth System (Device),1,495.0,0.0,495.0,140.0
2431,1823,2026-07-23,Scalp Serum,1,59.0,0.0,59.0,14.0
2432,1824,2026-07-22,Hair Growth System (Device),1,495.0,0.0,495.0,140.0
2433,1825,2026-04-18,Hair Growth System (Device),1,495.0,0.15,420.75,140.0
2434,1825,2026-05-20,Replacement Cap Pads,2,39.0,0.0,78.0,9.0
2435,1825,2026-07-10,Scalp Serum,2,59.0,0.0,118.0,14.0
2436,1826,2026-06-30,Replacement Cap Pads,1,39.0,0.0,39.0,9.0
2437,1827,2026-06-25,Replacement Cap Pads,1,39.0,0.0,39.0,9.0
2438,1827,2026-07-04,Scalp Serum,1,59.0,0.0,59.0,14.0
2439,1828,2026-04-01,Hair Growth System (Device),1,495.0,0.0,495.0,140.0
2440,1828,2026-05-09,Scalp Serum,2,59.0,0.0,118.0,14.0
2441,1829,2026-01-12,Scalp Serum,1,59.0,0.0,59.0,14.0
2442,1829,2026-02-08,Scalp Serum,1,59.0,0.0,59.0,14.0
2443,1829,2026-05-28,Scalp Serum,1,59.0,0.0,59.0,14.0
2444,1830,2026-06-10,Hair Growth System (Device),1,495.0,0.0,495.0,140.0
2445,1831,2026-06-28,Replacement Cap Pads,1,39.0,0.0,39.0,9.0
2446,1832,2026-03-18,Hair Growth System (Device),1,495.0,0.0,495.0,140.0
2447,1833,2026-07-24,Hair Growth System (Device),1,495.0,0.0,495.0,140.0
2448,1834,2026-03-19,Hair Growth System (Device),1,495.0,0.15,420.75,140.0
2449,1835,2026-05-01,Scalp Serum,1,59.0,0.15,50.15,14.0
2450,1835,2026-06-13,Scalp Serum,2,59.0,0.0,118.0,14.0
2451,1835,2026-07-07,Replacement Cap Pads,2,39.0,0.0,78.0,9.0
2452,1836,2026-05-08,Replacement Cap Pads,1,39.0,0.0,39.0,9.0
2453,1837,2026-07-12,Hair Growth System (Device),1,495.0,0.0,495.0,140.0
2454,1838,2026-02-01,Red Light Face Mask,1,249.0,0.0,249.0,75.0
2455,1838,2026-05-25,Replacement Cap Pads,1,39.0,0.0,39.0,9.0
2456,1839,2026-03-04,Hair Growth System (Device),1,495.0,0.0,495.0,140.0
2457,1840,2026-07-14,Scalp Serum,1,59.0,0.2,47.2,14.0
2458,1841,2026-06-13,Hair Growth System (Device),1,495.0,0.15,420.75,140.0
2459,1842,2026-03-29,Hair Growth System (Device),1,495.0,0.0,495.0,140.0
2460,1843,2026-06-03,Scalp Serum,1,59.0,0.0,59.0,14.0
2461,1844,2026-07-11,Hair Growth System (Device),1,495.0,0.0,495.0,140.0
2462,1845,2026-04-06,Hair Growth System (Device),1,495.0,0.0,495.0,140.0
2463,1845,2026-05-01,Replacement Cap Pads,1,39.0,0.0,39.0,9.0
2464,1846,2026-04-19,Hair Growth System (Device),1,495.0,0.0,495.0,140.0
2465,1847,2026-05-19,Hair Growth System (Device),1,495.0,0.0,495.0,140.0
2466,1848,2026-07-11,Hair Growth System (Device),1,495.0,0.0,495.0,140.0
2467,1849,2026-03-31,Replacement Cap Pads,1,39.0,0.1,35.1,9.0
2468,1850,2026-07-28,Red Light Face Mask,1,249.0,0.0,249.0,75.0
2469,1851,2026-04-16,Hair Growth System (Device),1,495.0,0.1,445.5,140.0
2470,1852,2026-03-03,Hair Growth System (Device),1,495.0,0.1,445.5,140.0
2471,1852,2026-06-04,Scalp Serum,2,59.0,0.15,100.3,14.0
2472,1852,2026-07-26,Replacement Cap Pads,1,39.0,0.0,39.0,9.0
2473,1853,2026-07-28,Red Light Face Mask,1,249.0,0.0,249.0,75.0
2474,1854,2026-05-11,Red Light Face Mask,1,249.0,0.2,199.2,75.0
2475,1854,2026-07-09,Red Light Face Mask,1,249.0,0.0,249.0,75.0
2476,1855,2026-02-27,Hair Growth System (Device),1,495.0,0.1,445.5,140.0
2477,1855,2026-03-28,Scalp Serum,1,59.0,0.0,59.0,14.0
2478,1856,2026-05-25,Hair Growth System (Device),1,495.0,0.15,420.75,140.0
2479,1857,2026-06-22,Red Light Face Mask,1,249.0,0.0,249.0,75.0
2480,1858,2026-07-09,Hair Growth System (Device),1,495.0,0.0,495.0,140.0
2481,1859,2026-05-11,Hair Growth System (Device),1,495.0,0.1,445.5,140.0
2482,1860,2026-03-18,Hair Growth System (Device),1,495.0,0.0,495.0,140.0
2483,1860,2026-04-06,Replacement Cap Pads,1,39.0,0.0,39.0,9.0
2484,1861,2026-03-31,Hair Growth System (Device),1,495.0,0.2,396.0,140.0
2485,1861,2026-04-11,Scalp Serum,1,59.0,0.0,59.0,14.0
2486,1862,2026-05-03,Red Light Face Mask,1,249.0,0.0,249.0,75.0
2487,1862,2026-07-05,Replacement Cap Pads,2,39.0,0.0,78.0,9.0
2488,1863,2026-06-27,Red Light Face Mask,1,249.0,0.0,249.0,75.0
2489,1864,2026-04-29,Hair Growth System (Device),1,495.0,0.15,420.75,140.0
2490,1864,2026-05-12,Scalp Serum,1,59.0,0.0,59.0,14.0
2491,1865,2026-07-28,Hair Growth System (Device),1,495.0,0.1,445.5,140.0
2492,1866,2026-05-19,Scalp Serum,1,59.0,0.0,59.0,14.0
2493,1867,2026-07-12,Hair Growth System (Device),1,495.0,0.0,495.0,140.0
2494,1868,2026-05-20,Scalp Serum,1,59.0,0.0,59.0,14.0
2495,1868,2026-06-20,Scalp Serum,1,59.0,0.0,59.0,14.0
2496,1869,2026-05-28,Hair Growth System (Device),1,495.0,0.0,495.0,140.0
2497,1869,2026-07-12,Replacement Cap Pads,2,39.0,0.0,78.0,9.0
2498,1870,2026-07-22,Hair Growth System (Device),1,495.0,0.0,495.0,140.0
2499,1871,2026-04-02,Hair Growth System (Device),1,495.0,0.0,495.0,140.0
2500,1871,2026-05-28,Red Light Face Mask,1,249.0,0.0,249.0,75.0
2501,1872,2026-05-25,Red Light Face Mask,1,249.0,0.1,224.1,75.0
2502,1873,2026-03-13,Hair Growth System (Device),1,495.0,0.0,495.0,140.0
2503,1873,2026-06-06,Scalp Serum,1,59.0,0.15,50.15,14.0
2504,1874,2026-05-21,Hair Growth System (Device),1,495.0,0.2,396.0,140.0
2505,1874,2026-07-12,Scalp Serum,1,59.0,0.0,59.0,14.0
2506,1875,2026-05-23,Red Light Face Mask,1,249.0,0.0,249.0,75.0
2507,1876,2026-03-23,Hair Growth System (Device),1,495.0,0.0,495.0,140.0
2508,1877,2026-04-23,Hair Growth System (Device),1,495.0,0.0,495.0,140.0
2509,1878,2026-07-11,Hair Growth System (Device),1,495.0,0.1,445.5,140.0
2510,1879,2026-04-08,Hair Growth System (Device),1,495.0,0.0,495.0,140.0
2511,1880,2026-07-04,Hair Growth System (Device),1,495.0,0.0,495.0,140.0
2512,1881,2026-04-15,Hair Growth System (Device),1,495.0,0.0,495.0,140.0
2513,1882,2026-05-01,Hair Growth System (Device),1,495.0,0.1,445.5,140.0
2514,1883,2026-03-15,Hair Growth System (Device),1,495.0,0.15,420.75,140.0
2515,1883,2026-04-25,Replacement Cap Pads,2,39.0,0.0,78.0,9.0
2516,1883,2026-07-05,Scalp Serum,1,59.0,0.15,50.15,14.0
2517,1884,2026-03-10,Hair Growth System (Device),1,495.0,0.0,495.0,140.0
2518,1884,2026-07-06,Scalp Serum,1,59.0,0.0,59.0,14.0
2519,1885,2026-05-24,Scalp Serum,1,59.0,0.15,50.15,14.0
2520,1886,2026-06-17,Hair Growth System (Device),1,495.0,0.0,495.0,140.0
2521,1887,2026-05-02,Hair Growth System (Device),1,495.0,0.0,495.0,140.0
2522,1888,2026-05-23,Hair Growth System (Device),1,495.0,0.15,420.75,140.0
2523,1889,2026-07-20,Hair Growth System (Device),1,495.0,0.0,495.0,140.0
2524,1890,2026-07-16,Hair Growth System (Device),1,495.0,0.15,420.75,140.0
2525,1891,2026-07-08,Hair Growth System (Device),1,495.0,0.0,495.0,140.0
2526,1892,2026-06-13,Red Light Face Mask,1,249.0,0.0,249.0,75.0
2527,1893,2026-04-14,Hair Growth System (Device),1,495.0,0.0,495.0,140.0
2528,1893,2026-06-06,Replacement Cap Pads,1,39.0,0.0,39.0,9.0
2529,1893,2026-07-06,Scalp Serum,1,59.0,0.0,59.0,14.0
2530,1894,2026-01-31,Scalp Serum,1,59.0,0.15,50.15,14.0
2531,1894,2026-06-04,Replacement Cap Pads,1,39.0,0.0,39.0,9.0
2532,1895,2026-05-14,Hair Growth System (Device),1,495.0,0.0,495.0,140.0
2533,1896,2026-03-24,Hair Growth System (Device),1,495.0,0.0,495.0,140.0
2534,1897,2026-07-01,Hair Growth System (Device),1,495.0,0.0,495.0,140.0
2535,1898,2026-06-13,Hair Growth System (Device),1,495.0,0.0,495.0,140.0
2536,1899,2026-05-08,Replacement Cap Pads,1,39.0,0.0,39.0,9.0
2537,1900,2026-05-12,Scalp Serum,1,59.0,0.0,59.0,14.0
2538,1901,2026-03-05,Hair Growth System (Device),1,495.0,0.0,495.0,140.0
2539,1902,2026-04-02,Hair Growth System (Device),1,495.0,0.0,495.0,140.0
2540,1903,2026-06-01,Hair Growth System (Device),1,495.0,0.0,495.0,140.0
2541,1904,2026-06-19,Hair Growth System (Device),1,495.0,0.0,495.0,140.0
2542,1905,2026-06-03,Scalp Serum,1,59.0,0.2,47.2,14.0
2543,1906,2026-05-25,Red Light Face Mask,1,249.0,0.0,249.0,75.0
2544,1907,2026-04-26,Scalp Serum,1,59.0,0.0,59.0,14.0
2545,1908,2026-04-26,Hair Growth System (Device),1,495.0,0.0,495.0,140.0
2546,1908,2026-06-01,Replacement Cap Pads,1,39.0,0.0,39.0,9.0
2547,1908,2026-07-06,Replacement Cap Pads,1,39.0,0.0,39.0,9.0
2548,1909,2026-06-09,Hair Growth System (Device),1,495.0,0.1,445.5,140.0
2549,1910,2026-06-01,Scalp Serum,1,59.0,0.0,59.0,14.0
2550,1911,2026-05-24,Hair Growth System (Device),1,495.0,0.0,495.0,140.0
2551,1912,2026-05-06,Replacement Cap Pads,1,39.0,0.0,39.0,9.0
2552,1913,2026-01-27,Red Light Face Mask,1,249.0,0.0,249.0,75.0
2553,1913,2026-06-06,Replacement Cap Pads,1,39.0,0.0,39.0,9.0
2554,1914,2026-07-07,Replacement Cap Pads,1,39.0,0.0,39.0,9.0
2555,1915,2026-05-17,Hair Growth System (Device),1,495.0,0.0,495.0,140.0
2556,1916,2026-06-29,Replacement Cap Pads,1,39.0,0.0,39.0,9.0
2557,1917,2026-07-09,Hair Growth System (Device),1,495.0,0.1,445.5,140.0
2558,1918,2026-07-09,Hair Growth System (Device),1,495.0,0.0,495.0,140.0
2559,1919,2026-07-29,Hair Growth System (Device),1,495.0,0.0,495.0,140.0
2560,1920,2026-05-19,Replacement Cap Pads,1,39.0,0.0,39.0,9.0
2561,1921,2026-01-25,Hair Growth System (Device),1,495.0,0.0,495.0,140.0
2562,1921,2026-02-21,Replacement Cap Pads,1,39.0,0.0,39.0,9.0
2563,1921,2026-04-03,Replacement Cap Pads,1,39.0,0.0,39.0,9.0
2564,1922,2026-05-15,Hair Growth System (Device),1,495.0,0.1,445.5,140.0
2565,1922,2026-06-08,Red Light Face Mask,2,249.0,0.1,448.2,75.0
2566,1923,2026-06-29,Hair Growth System (Device),1,495.0,0.0,495.0,140.0
2567,1924,2026-06-15,Hair Growth System (Device),1,495.0,0.0,495.0,140.0
2568,1925,2026-06-23,Hair Growth System (Device),1,495.0,0.0,495.0,140.0
2569,1926,2026-03-19,Hair Growth System (Device),1,495.0,0.1,445.5,140.0
2570,1926,2026-06-23,Scalp Serum,1,59.0,0.0,59.0,14.0
2571,1927,2026-06-26,Hair Growth System (Device),1,495.0,0.0,495.0,140.0
2572,1928,2026-05-27,Hair Growth System (Device),1,495.0,0.1,445.5,140.0
2573,1929,2026-07-13,Scalp Serum,1,59.0,0.0,59.0,14.0
2574,1930,2026-03-03,Red Light Face Mask,1,249.0,0.0,249.0,75.0
2575,1930,2026-05-20,Red Light Face Mask,1,249.0,0.0,249.0,75.0
2576,1930,2026-06-05,Scalp Serum,1,59.0,0.0,59.0,14.0
2577,1931,2026-05-18,Hair Growth System (Device),1,495.0,0.1,445.5,140.0
2578,1931,2026-06-15,Replacement Cap Pads,1,39.0,0.0,39.0,9.0
2579,1932,2026-07-01,Hair Growth System (Device),1,495.0,0.0,495.0,140.0
2580,1933,2026-01-30,Red Light Face Mask,1,249.0,0.15,211.65,75.0
2581,1933,2026-07-27,Red Light Face Mask,1,249.0,0.1,224.1,75.0
2582,1934,2026-04-25,Replacement Cap Pads,1,39.0,0.0,39.0,9.0
2583,1934,2026-06-01,Replacement Cap Pads,1,39.0,0.0,39.0,9.0
2584,1935,2026-05-02,Scalp Serum,1,59.0,0.0,59.0,14.0
2585,1935,2026-07-10,Red Light Face Mask,1,249.0,0.0,249.0,75.0
2586,1936,2026-05-19,Hair Growth System (Device),1,495.0,0.0,495.0,140.0
2587,1937,2026-06-10,Hair Growth System (Device),1,495.0,0.0,495.0,140.0
2588,1938,2026-01-15,Hair Growth System (Device),1,495.0,0.1,445.5,140.0
2589,1938,2026-05-10,Scalp Serum,1,59.0,0.0,59.0,14.0
2590,1939,2026-06-23,Hair Growth System (Device),1,495.0,0.0,495.0,140.0
2591,1940,2026-06-28,Hair Growth System (Device),1,495.0,0.0,495.0,140.0
2592,1941,2026-04-29,Scalp Serum,1,59.0,0.0,59.0,14.0
2593,1941,2026-05-20,Red Light Face Mask,1,249.0,0.0,249.0,75.0
2594,1942,2026-05-17,Hair Growth System (Device),1,495.0,0.0,495.0,140.0
2595,1942,2026-07-08,Replacement Cap Pads,1,39.0,0.0,39.0,9.0
2596,1943,2026-07-24,Scalp Serum,1,59.0,0.1,53.1,14.0
2597,1944,2026-01-31,Hair Growth System (Device),1,495.0,0.1,445.5,140.0
2598,1944,2026-03-02,Replacement Cap Pads,1,39.0,0.0,39.0,9.0
2599,1944,2026-06-17,Scalp Serum,1,59.0,0.0,59.0,14.0
2600,1945,2026-05-04,Hair Growth System (Device),1,495.0,0.0,495.0,140.0
2601,1946,2026-07-21,Scalp Serum,1,59.0,0.15,50.15,14.0
2602,1947,2026-07-13,Red Light Face Mask,1,249.0,0.0,249.0,75.0
2603,1948,2026-04-25,Hair Growth System (Device),1,495.0,0.0,495.0,140.0
2604,1949,2026-07-12,Scalp Serum,1,59.0,0.1,53.1,14.0
2605,1950,2026-07-08,Red Light Face Mask,1,249.0,0.0,249.0,75.0
2606,1951,2026-06-16,Scalp Serum,1,59.0,0.15,50.15,14.0
2607,1951,2026-07-17,Scalp Serum,1,59.0,0.15,50.15,14.0
2608,1952,2026-06-22,Hair Growth System (Device),1,495.0,0.0,495.0,140.0
2609,1953,2026-06-14,Scalp Serum,1,59.0,0.0,59.0,14.0
2610,1954,2026-07-30,Hair Growth System (Device),1,495.0,0.0,495.0,140.0
2611,1955,2026-01-08,Hair Growth System (Device),1,495.0,0.1,445.5,140.0
2612,1955,2026-03-12,Red Light Face Mask,2,249.0,0.0,498.0,75.0
2613,1955,2026-06-15,Replacement Cap Pads,1,39.0,0.1,35.1,9.0
2614,1956,2026-03-30,Hair Growth System (Device),1,495.0,0.0,495.0,140.0
2615,1957,2026-07-09,Hair Growth System (Device),1,495.0,0.1,445.5,140.0
2616,1958,2026-04-11,Red Light Face Mask,1,249.0,0.0,249.0,75.0
2617,1958,2026-05-14,Replacement Cap Pads,2,39.0,0.1,70.2,9.0
2618,1959,2026-07-30,Hair Growth System (Device),1,495.0,0.0,495.0,140.0
2619,1960,2026-07-05,Hair Growth System (Device),1,495.0,0.0,495.0,140.0
2620,1961,2026-07-14,Hair Growth System (Device),1,495.0,0.0,495.0,140.0
2621,1962,2026-03-10,Hair Growth System (Device),1,495.0,0.0,495.0,140.0
2622,1963,2026-07-08,Replacement Cap Pads,1,39.0,0.0,39.0,9.0
2623,1964,2026-07-28,Hair Growth System (Device),1,495.0,0.0,495.0,140.0
2624,1965,2026-07-15,Hair Growth System (Device),1,495.0,0.0,495.0,140.0
2625,1966,2026-05-31,Scalp Serum,1,59.0,0.1,53.1,14.0
2626,1967,2026-04-06,Hair Growth System (Device),1,495.0,0.1,445.5,140.0
2627,1968,2026-06-27,Replacement Cap Pads,1,39.0,0.0,39.0,9.0
2628,1969,2026-07-16,Hair Growth System (Device),1,495.0,0.0,495.0,140.0
2629,1970,2026-07-10,Hair Growth System (Device),1,495.0,0.0,495.0,140.0
2630,1971,2026-07-27,Red Light Face Mask,1,249.0,0.0,249.0,75.0
2631,1972,2026-07-12,Scalp Serum,1,59.0,0.0,59.0,14.0
2632,1973,2026-03-29,Red Light Face Mask,1,249.0,0.0,249.0,75.0
2633,1973,2026-06-25,Replacement Cap Pads,1,39.0,0.0,39.0,9.0
2634,1973,2026-07-22,Red Light Face Mask,1,249.0,0.0,249.0,75.0
2635,1974,2026-05-16,Red Light Face Mask,1,249.0,0.0,249.0,75.0
2636,1974,2026-06-27,Replacement Cap Pads,1,39.0,0.0,39.0,9.0
2637,1975,2026-07-03,Hair Growth System (Device),1,495.0,0.0,495.0,140.0
2638,1976,2026-03-20,Hair Growth System (Device),1,495.0,0.0,495.0,140.0
2639,1977,2026-07-19,Hair Growth System (Device),1,495.0,0.0,495.0,140.0
2640,1978,2026-06-24,Scalp Serum,1,59.0,0.15,50.15,14.0
2641,1979,2026-07-05,Replacement Cap Pads,1,39.0,0.0,39.0,9.0
2642,1980,2026-02-03,Hair Growth System (Device),1,495.0,0.0,495.0,140.0
2643,1980,2026-04-19,Replacement Cap Pads,1,39.0,0.15,33.15,9.0
2644,1980,2026-05-11,Replacement Cap Pads,1,39.0,0.0,39.0,9.0
2645,1981,2026-02-22,Hair Growth System (Device),1,495.0,0.0,495.0,140.0
2646,1982,2026-07-20,Hair Growth System (Device),1,495.0,0.0,495.0,140.0
2647,1983,2026-06-28,Hair Growth System (Device),1,495.0,0.0,495.0,140.0
2648,1984,2026-04-25,Red Light Face Mask,1,249.0,0.0,249.0,75.0
2649,1985,2026-06-06,Hair Growth System (Device),1,495.0,0.1,445.5,140.0
2650,1986,2026-07-21,Hair Growth System (Device),1,495.0,0.0,495.0,140.0
2651,1987,2026-06-03,Hair Growth System (Device),1,495.0,0.15,420.75,140.0
2652,1988,2026-05-21,Scalp Serum,1,59.0,0.0,59.0,14.0
2653,1989,2026-07-07,Hair Growth System (Device),1,495.0,0.15,420.75,140.0
2654,1990,2026-07-18,Hair Growth System (Device),1,495.0,0.0,495.0,140.0
2655,1991,2026-04-04,Scalp Serum,1,59.0,0.0,59.0,14.0
2656,1992,2026-05-03,Scalp Serum,1,59.0,0.1,53.1,14.0
2657,1992,2026-07-28,Scalp Serum,1,59.0,0.1,53.1,14.0
2658,1993,2026-03-16,Scalp Serum,1,59.0,0.0,59.0,14.0
2659,1993,2026-04-17,Replacement Cap Pads,1,39.0,0.0,39.0,9.0
2660,1993,2026-05-02,Scalp Serum,1,59.0,0.0,59.0,14.0
2661,1994,2026-03-06,Hair Growth System (Device),1,495.0,0.0,495.0,140.0
2662,1994,2026-05-21,Scalp Serum,1,59.0,0.0,59.0,14.0
2663,1995,2026-07-03,Hair Growth System (Device),1,495.0,0.0,495.0,140.0
2664,1996,2026-07-08,Hair Growth System (Device),1,495.0,0.0,495.0,140.0
2665,1997,2026-07-05,Red Light Face Mask,1,249.0,0.0,249.0,75.0
2666,1998,2026-03-12,Scalp Serum,1,59.0,0.1,53.1,14.0
2667,1999,2026-06-17,Scalp Serum,1,59.0,0.0,59.0,14.0
2668,1999,2026-07-19,Scalp Serum,1,59.0,0.15,50.15,14.0
2669,2000,2026-06-20,Hair Growth System (Device),1,495.0,0.0,495.0,140.0
2670,2001,2026-07-01,Hair Growth System (Device),1,495.0,0.0,495.0,140.0
2671,2002,2026-07-09,Hair Growth System (Device),1,495.0,0.15,420.75,140.0
2672,2003,2026-07-19,Scalp Serum,1,59.0,0.0,59.0,14.0
2673,2004,2026-06-12,Red Light Face Mask,1,249.0,0.0,249.0,75.0
2674,2004,2026-07-13,Replacement Cap Pads,2,39.0,0.0,78.0,9.0
2675,2005,2026-07-06,Scalp Serum,1,59.0,0.0,59.0,14.0
2676,2006,2026-06-28,Replacement Cap Pads,1,39.0,0.0,39.0,9.0
2677,2006,2026-07-25,Scalp Serum,1,59.0,0.2,47.2,14.0
2678,2007,2026-05-01,Hair Growth System (Device),1,495.0,0.0,495.0,140.0
2679,2008,2026-05-07,Hair Growth System (Device),1,495.0,0.1,445.5,140.0
2680,2009,2026-07-12,Scalp Serum,1,59.0,0.0,59.0,14.0
2681,2010,2026-07-18,Hair Growth System (Device),1,495.0,0.1,445.5,140.0
2682,2011,2026-05-09,Hair Growth System (Device),1,495.0,0.0,495.0,140.0
2683,2012,2026-06-01,Hair Growth System (Device),1,495.0,0.0,495.0,140.0
2684,2013,2026-05-30,Hair Growth System (Device),1,495.0,0.0,495.0,140.0
2685,2014,2026-07-23,Hair Growth System (Device),1,495.0,0.0,495.0,140.0
2686,2015,2026-07-11,Red Light Face Mask,1,249.0,0.2,199.2,75.0
2687,2016,2026-06-27,Hair Growth System (Device),1,495.0,0.0,495.0,140.0
2688,2017,2026-07-16,Red Light Face Mask,1,249.0,0.0,249.0,75.0
2689,2018,2026-05-26,Hair Growth System (Device),1,495.0,0.1,445.5,140.0
2690,2019,2026-05-09,Hair Growth System (Device),1,495.0,0.1,445.5,140.0
2691,2019,2026-06-10,Red Light Face Mask,1,249.0,0.0,249.0,75.0
2692,2019,2026-07-23,Replacement Cap Pads,1,39.0,0.0,39.0,9.0
2693,2020,2026-05-15,Hair Growth System (Device),1,495.0,0.0,495.0,140.0
2694,2021,2026-01-22,Hair Growth System (Device),1,495.0,0.0,495.0,140.0
2695,2022,2026-04-25,Replacement Cap Pads,1,39.0,0.0,39.0,9.0
2696,2022,2026-07-23,Scalp Serum,2,59.0,0.2,94.4,14.0
2697,2023,2026-07-06,Hair Growth System (Device),1,495.0,0.0,495.0,140.0
2698,2024,2026-04-27,Red Light Face Mask,1,249.0,0.0,249.0,75.0
2699,2024,2026-05-05,Scalp Serum,1,59.0,0.0,59.0,14.0
2700,2025,2026-07-01,Scalp Serum,1,59.0,0.0,59.0,14.0
2701,2026,2026-01-30,Hair Growth System (Device),1,495.0,0.0,495.0,140.0
2702,2026,2026-02-10,Scalp Serum,2,59.0,0.15,100.3,14.0
2703,2027,2026-07-20,Hair Growth System (Device),1,495.0,0.0,495.0,140.0
2704,2028,2026-06-29,Hair Growth System (Device),1,495.0,0.2,396.0,140.0
2705,2029,2026-05-30,Hair Growth System (Device),1,495.0,0.0,495.0,140.0
2706,2030,2026-05-22,Red Light Face Mask,1,249.0,0.0,249.0,75.0
2707,2030,2026-07-20,Scalp Serum,1,59.0,0.0,59.0,14.0
2708,2031,2026-07-08,Scalp Serum,1,59.0,0.1,53.1,14.0
2709,2032,2026-04-12,Scalp Serum,1,59.0,0.0,59.0,14.0
2710,2033,2026-07-26,Red Light Face Mask,1,249.0,0.0,249.0,75.0
2711,2034,2026-06-19,Hair Growth System (Device),1,495.0,0.0,495.0,140.0
2712,2035,2026-06-09,Hair Growth System (Device),1,495.0,0.1,445.5,140.0
2713,2035,2026-07-09,Scalp Serum,1,59.0,0.0,59.0,14.0
2714,2036,2026-06-08,Red Light Face Mask,1,249.0,0.1,224.1,75.0
2715,2037,2026-04-03,Replacement Cap Pads,1,39.0,0.0,39.0,9.0
2716,2037,2026-05-07,Scalp Serum,1,59.0,0.0,59.0,14.0
2717,2037,2026-06-01,Scalp Serum,1,59.0,0.0,59.0,14.0
2718,2037,2026-07-23,Red Light Face Mask,2,249.0,0.1,448.2,75.0
2719,2038,2026-02-18,Hair Growth System (Device),1,495.0,0.0,495.0,140.0
2720,2038,2026-04-24,Replacement Cap Pads,1,39.0,0.1,35.1,9.0
2721,2039,2026-07-19,Hair Growth System (Device),1,495.0,0.0,495.0,140.0
2722,2040,2026-03-31,Hair Growth System (Device),1,495.0,0.1,445.5,140.0
2723,2041,2026-04-15,Hair Growth System (Device),1,495.0,0.0,495.0,140.0
2724,2042,2026-05-21,Hair Growth System (Device),1,495.0,0.0,495.0,140.0
2725,2043,2026-05-14,Hair Growth System (Device),1,495.0,0.15,420.75,140.0
2726,2044,2026-02-02,Scalp Serum,1,59.0,0.0,59.0,14.0
2727,2044,2026-03-08,Scalp Serum,1,59.0,0.0,59.0,14.0
2728,2045,2026-04-29,Scalp Serum,1,59.0,0.0,59.0,14.0
2729,2046,2026-03-08,Scalp Serum,1,59.0,0.2,47.2,14.0
2730,2046,2026-07-12,Red Light Face Mask,2,249.0,0.0,498.0,75.0
2731,2047,2026-04-17,Red Light Face Mask,1,249.0,0.0,249.0,75.0
2732,2048,2026-05-15,Hair Growth System (Device),1,495.0,0.0,495.0,140.0
2733,2048,2026-06-19,Scalp Serum,1,59.0,0.15,50.15,14.0
2734,2049,2026-05-01,Replacement Cap Pads,1,39.0,0.15,33.15,9.0
2735,2050,2026-05-12,Replacement Cap Pads,1,39.0,0.0,39.0,9.0
2736,2051,2026-05-01,Hair Growth System (Device),1,495.0,0.0,495.0,140.0
2737,2052,2026-03-15,Hair Growth System (Device),1,495.0,0.0,495.0,140.0
2738,2052,2026-07-16,Scalp Serum,1,59.0,0.0,59.0,14.0
2739,2053,2026-06-11,Hair Growth System (Device),1,495.0,0.2,396.0,140.0
2740,2054,2026-05-11,Hair Growth System (Device),1,495.0,0.0,495.0,140.0
2741,2055,2026-05-24,Red Light Face Mask,1,249.0,0.0,249.0,75.0
2742,2056,2026-05-15,Replacement Cap Pads,1,39.0,0.0,39.0,9.0
2743,2056,2026-06-16,Scalp Serum,1,59.0,0.0,59.0,14.0
2744,2056,2026-07-06,Scalp Serum,1,59.0,0.1,53.1,14.0
2745,2057,2026-04-20,Hair Growth System (Device),1,495.0,0.1,445.5,140.0
2746,2058,2026-04-15,Hair Growth System (Device),1,495.0,0.0,495.0,140.0
2747,2059,2026-04-27,Replacement Cap Pads,1,39.0,0.0,39.0,9.0
2748,2059,2026-05-01,Red Light Face Mask,2,249.0,0.0,498.0,75.0
2749,2059,2026-06-03,Replacement Cap Pads,2,39.0,0.0,78.0,9.0
2750,2060,2026-06-18,Scalp Serum,1,59.0,0.15,50.15,14.0
2751,2061,2026-05-09,Hair Growth System (Device),1,495.0,0.0,495.0,140.0
2752,2062,2026-06-04,Hair Growth System (Device),1,495.0,0.0,495.0,140.0
2753,2063,2026-05-22,Hair Growth System (Device),1,495.0,0.2,396.0,140.0
2754,2063,2026-06-18,Replacement Cap Pads,1,39.0,0.0,39.0,9.0
2755,2064,2026-07-12,Hair Growth System (Device),1,495.0,0.0,495.0,140.0
2756,2065,2026-01-05,Scalp Serum,1,59.0,0.0,59.0,14.0
2757,2066,2026-06-13,Scalp Serum,1,59.0,0.0,59.0,14.0
2758,2067,2026-05-06,Scalp Serum,1,59.0,0.1,53.1,14.0
2759,2067,2026-06-19,Scalp Serum,1,59.0,0.1,53.1,14.0
2760,2068,2026-05-31,Scalp Serum,1,59.0,0.0,59.0,14.0
2761,2069,2026-06-08,Red Light Face Mask,1,249.0,0.2,199.2,75.0
2762,2070,2026-03-15,Red Light Face Mask,1,249.0,0.0,249.0,75.0
2763,2070,2026-04-18,Scalp Serum,1,59.0,0.0,59.0,14.0
2764,2070,2026-07-24,Red Light Face Mask,1,249.0,0.0,249.0,75.0
2765,2071,2026-04-22,Hair Growth System (Device),1,495.0,0.1,445.5,140.0
2766,2072,2026-07-26,Red Light Face Mask,1,249.0,0.0,249.0,75.0
2767,2073,2026-05-04,Scalp Serum,1,59.0,0.0,59.0,14.0
2768,2073,2026-06-06,Scalp Serum,1,59.0,0.0,59.0,14.0
2769,2074,2026-05-22,Hair Growth System (Device),1,495.0,0.0,495.0,140.0
2770,2075,2026-05-04,Scalp Serum,1,59.0,0.0,59.0,14.0
2771,2075,2026-07-20,Red Light Face Mask,2,249.0,0.0,498.0,75.0
2772,2076,2026-01-27,Red Light Face Mask,1,249.0,0.0,249.0,75.0
2773,2076,2026-03-14,Replacement Cap Pads,2,39.0,0.0,78.0,9.0
2774,2077,2026-01-10,Scalp Serum,1,59.0,0.0,59.0,14.0
2775,2077,2026-03-03,Replacement Cap Pads,1,39.0,0.1,35.1,9.0
2776,2077,2026-04-28,Scalp Serum,1,59.0,0.0,59.0,14.0
2777,2077,2026-06-18,Scalp Serum,1,59.0,0.0,59.0,14.0
2778,2078,2026-06-23,Replacement Cap Pads,1,39.0,0.0,39.0,9.0
2779,2079,2026-06-26,Hair Growth System (Device),1,495.0,0.0,495.0,140.0
2780,2079,2026-07-26,Red Light Face Mask,1,249.0,0.0,249.0,75.0
2781,2080,2026-07-07,Hair Growth System (Device),1,495.0,0.0,495.0,140.0
2782,2081,2026-02-07,Hair Growth System (Device),1,495.0,0.0,495.0,140.0
2783,2082,2026-05-06,Red Light Face Mask,1,249.0,0.0,249.0,75.0
2784,2083,2026-05-07,Replacement Cap Pads,1,39.0,0.15,33.15,9.0
2785,2083,2026-07-10,Replacement Cap Pads,2,39.0,0.0,78.0,9.0
2786,2084,2026-06-26,Replacement Cap Pads,1,39.0,0.0,39.0,9.0
2787,2085,2026-07-24,Scalp Serum,1,59.0,0.0,59.0,14.0
2788,2086,2026-01-30,Replacement Cap Pads,1,39.0,0.1,35.1,9.0
2789,2086,2026-03-08,Scalp Serum,1,59.0,0.0,59.0,14.0
2790,2087,2026-05-07,Hair Growth System (Device),1,495.0,0.0,495.0,140.0
2791,2088,2026-04-27,Hair Growth System (Device),1,495.0,0.0,495.0,140.0
2792,2089,2026-05-29,Hair Growth System (Device),1,495.0,0.0,495.0,140.0
2793,2090,2026-07-20,Hair Growth System (Device),1,495.0,0.0,495.0,140.0
2794,2091,2026-04-04,Hair Growth System (Device),1,495.0,0.0,495.0,140.0
2795,2091,2026-05-24,Scalp Serum,1,59.0,0.0,59.0,14.0
2796,2092,2026-07-16,Scalp Serum,1,59.0,0.0,59.0,14.0
2797,2093,2026-06-06,Hair Growth System (Device),1,495.0,0.0,495.0,140.0
2798,2093,2026-07-06,Scalp Serum,1,59.0,0.0,59.0,14.0
2799,2094,2026-06-24,Hair Growth System (Device),1,495.0,0.0,495.0,140.0
2800,2095,2026-03-17,Hair Growth System (Device),1,495.0,0.0,495.0,140.0
2801,2096,2026-06-09,Scalp Serum,1,59.0,0.0,59.0,14.0
2802,2097,2026-07-06,Red Light Face Mask,1,249.0,0.0,249.0,75.0
2803,2098,2026-07-30,Replacement Cap Pads,1,39.0,0.2,31.2,9.0
2804,2099,2026-04-17,Hair Growth System (Device),1,495.0,0.0,495.0,140.0
2805,2099,2026-06-15,Red Light Face Mask,1,249.0,0.1,224.1,75.0
2806,2100,2026-07-24,Red Light Face Mask,1,249.0,0.0,249.0,75.0
2807,2101,2026-02-18,Hair Growth System (Device),1,495.0,0.0,495.0,140.0
2808,2101,2026-05-18,Scalp Serum,1,59.0,0.0,59.0,14.0
2809,2102,2026-04-21,Hair Growth System (Device),1,495.0,0.0,495.0,140.0
2810,2102,2026-06-13,Scalp Serum,1,59.0,0.0,59.0,14.0
2811,2103,2026-05-07,Hair Growth System (Device),1,495.0,0.1,445.5,140.0
2812,2104,2026-04-10,Red Light Face Mask,1,249.0,0.0,249.0,75.0
2813,2104,2026-05-12,Replacement Cap Pads,1,39.0,0.0,39.0,9.0
2814,2104,2026-07-13,Replacement Cap Pads,1,39.0,0.0,39.0,9.0
2815,2105,2026-05-22,Replacement Cap Pads,1,39.0,0.0,39.0,9.0
2816,2105,2026-07-01,Scalp Serum,2,59.0,0.0,118.0,14.0
2817,2106,2026-03-02,Hair Growth System (Device),1,495.0,0.0,495.0,140.0
2818,2106,2026-07-03,Scalp Serum,1,59.0,0.0,59.0,14.0
2819,2107,2026-07-01,Hair Growth System (Device),1,495.0,0.0,495.0,140.0
2820,2108,2026-02-12,Hair Growth System (Device),1,495.0,0.0,495.0,140.0
2821,2108,2026-06-04,Scalp Serum,1,59.0,0.0,59.0,14.0
2822,2109,2026-06-16,Hair Growth System (Device),1,495.0,0.0,495.0,140.0
2823,2109,2026-07-03,Scalp Serum,1,59.0,0.0,59.0,14.0
2824,2110,2026-02-02,Hair Growth System (Device),1,495.0,0.0,495.0,140.0
2825,2111,2026-04-15,Hair Growth System (Device),1,495.0,0.1,445.5,140.0
2826,2112,2026-07-12,Hair Growth System (Device),1,495.0,0.0,495.0,140.0
2827,2113,2026-04-13,Hair Growth System (Device),1,495.0,0.15,420.75,140.0
2828,2113,2026-05-17,Replacement Cap Pads,2,39.0,0.0,78.0,9.0
2829,2114,2026-05-20,Scalp Serum,1,59.0,0.0,59.0,14.0
2830,2115,2026-03-16,Hair Growth System (Device),1,495.0,0.0,495.0,140.0
2831,2116,2026-05-10,Scalp Serum,1,59.0,0.0,59.0,14.0
2832,2117,2026-07-06,Hair Growth System (Device),1,495.0,0.1,445.5,140.0
2833,2118,2026-02-19,Red Light Face Mask,1,249.0,0.2,199.2,75.0
2834,2118,2026-06-28,Scalp Serum,1,59.0,0.0,59.0,14.0
2835,2118,2026-07-01,Scalp Serum,1,59.0,0.0,59.0,14.0
2836,2119,2026-01-13,Hair Growth System (Device),1,495.0,0.0,495.0,140.0
2837,2119,2026-07-28,Replacement Cap Pads,2,39.0,0.0,78.0,9.0
2838,2120,2026-07-02,Hair Growth System (Device),1,495.0,0.15,420.75,140.0
2839,2121,2026-06-21,Red Light Face Mask,1,249.0,0.0,249.0,75.0
2840,2122,2026-07-08,Replacement Cap Pads,1,39.0,0.15,33.15,9.0
2841,2123,2026-05-03,Red Light Face Mask,1,249.0,0.0,249.0,75.0
2842,2124,2026-05-23,Hair Growth System (Device),1,495.0,0.0,495.0,140.0
2843,2125,2026-03-09,Red Light Face Mask,1,249.0,0.0,249.0,75.0
2844,2125,2026-07-06,Scalp Serum,1,59.0,0.0,59.0,14.0
2845,2126,2026-07-07,Hair Growth System (Device),1,495.0,0.2,396.0,140.0
2846,2127,2026-06-18,Hair Growth System (Device),1,495.0,0.0,495.0,140.0
2847,2128,2026-06-29,Replacement Cap Pads,1,39.0,0.0,39.0,9.0
2848,2129,2026-07-08,Hair Growth System (Device),1,495.0,0.0,495.0,140.0
2849,2130,2026-05-20,Scalp Serum,1,59.0,0.0,59.0,14.0
2850,2131,2026-04-28,Hair Growth System (Device),1,495.0,0.0,495.0,140.0
2851,2131,2026-07-23,Replacement Cap Pads,1,39.0,0.0,39.0,9.0
2852,2132,2026-03-23,Hair Growth System (Device),1,495.0,0.15,420.75,140.0
2853,2133,2026-05-09,Hair Growth System (Device),1,495.0,0.2,396.0,140.0
2854,2133,2026-06-27,Scalp Serum,2,59.0,0.0,118.0,14.0
2855,2134,2026-06-23,Hair Growth System (Device),1,495.0,0.0,495.0,140.0
2856,2135,2026-07-12,Hair Growth System (Device),1,495.0,0.0,495.0,140.0
2857,2136,2026-04-04,Replacement Cap Pads,1,39.0,0.15,33.15,9.0
2858,2136,2026-07-14,Red Light Face Mask,1,249.0,0.15,211.65,75.0
2859,2137,2026-07-06,Hair Growth System (Device),1,495.0,0.0,495.0,140.0
2860,2138,2026-06-25,Hair Growth System (Device),1,495.0,0.15,420.75,140.0
2861,2139,2026-05-02,Hair Growth System (Device),1,495.0,0.0,495.0,140.0
2862,2140,2026-06-15,Hair Growth System (Device),1,495.0,0.0,495.0,140.0
2863,2141,2026-05-23,Replacement Cap Pads,1,39.0,0.0,39.0,9.0
2864,2142,2026-04-09,Hair Growth System (Device),1,495.0,0.0,495.0,140.0
2865,2142,2026-07-01,Scalp Serum,2,59.0,0.0,118.0,14.0
2866,2143,2026-04-12,Replacement Cap Pads,1,39.0,0.0,39.0,9.0
2867,2144,2026-06-30,Red Light Face Mask,1,249.0,0.1,224.1,75.0
2868,2145,2026-07-01,Hair Growth System (Device),1,495.0,0.1,445.5,140.0
2869,2146,2026-07-29,Hair Growth System (Device),1,495.0,0.0,495.0,140.0
2870,2147,2026-01-18,Replacement Cap Pads,1,39.0,0.0,39.0,9.0
2871,2148,2026-07-21,Hair Growth System (Device),1,495.0,0.0,495.0,140.0
2872,2149,2026-04-05,Scalp Serum,1,59.0,0.0,59.0,14.0
2873,2149,2026-07-07,Scalp Serum,2,59.0,0.0,118.0,14.0
2874,2150,2026-04-19,Replacement Cap Pads,1,39.0,0.0,39.0,9.0
2875,2150,2026-07-23,Replacement Cap Pads,2,39.0,0.0,78.0,9.0
2876,2151,2026-04-15,Scalp Serum,1,59.0,0.15,50.15,14.0
2877,2151,2026-06-23,Scalp Serum,1,59.0,0.0,59.0,14.0
2878,2152,2026-04-18,Red Light Face Mask,1,249.0,0.0,249.0,75.0
2879,2152,2026-05-19,Replacement Cap Pads,1,39.0,0.1,35.1,9.0
2880,2152,2026-06-23,Scalp Serum,1,59.0,0.0,59.0,14.0
2881,2153,2026-03-20,Hair Growth System (Device),1,495.0,0.0,495.0,140.0
2882,2153,2026-06-06,Replacement Cap Pads,2,39.0,0.0,78.0,9.0
2883,2154,2026-05-03,Red Light Face Mask,1,249.0,0.0,249.0,75.0
2884,2155,2026-05-09,Red Light Face Mask,1,249.0,0.0,249.0,75.0
2885,2156,2026-06-03,Hair Growth System (Device),1,495.0,0.15,420.75,140.0
2886,2157,2026-05-19,Hair Growth System (Device),1,495.0,0.0,495.0,140.0
2887,2158,2026-07-18,Hair Growth System (Device),1,495.0,0.0,495.0,140.0
2888,2159,2026-06-03,Hair Growth System (Device),1,495.0,0.0,495.0,140.0
2889,2160,2026-05-19,Hair Growth System (Device),1,495.0,0.0,495.0,140.0
2890,2161,2026-07-04,Hair Growth System (Device),1,495.0,0.0,495.0,140.0
2891,2162,2026-04-25,Replacement Cap Pads,1,39.0,0.0,39.0,9.0
2892,2162,2026-07-23,Replacement Cap Pads,1,39.0,0.0,39.0,9.0
2893,2163,2026-06-17,Hair Growth System (Device),1,495.0,0.0,495.0,140.0
2894,2164,2026-05-31,Scalp Serum,1,59.0,0.0,59.0,14.0
2895,2165,2026-06-29,Hair Growth System (Device),1,495.0,0.0,495.0,140.0
2896,2166,2026-06-15,Scalp Serum,1,59.0,0.0,59.0,14.0
2897,2167,2026-07-18,Replacement Cap Pads,1,39.0,0.0,39.0,9.0
2898,2168,2026-06-01,Scalp Serum,1,59.0,0.0,59.0,14.0
2899,2168,2026-07-15,Replacement Cap Pads,1,39.0,0.0,39.0,9.0
2900,2169,2026-06-02,Replacement Cap Pads,1,39.0,0.0,39.0,9.0
2901,2170,2026-05-26,Scalp Serum,1,59.0,0.0,59.0,14.0
2902,2170,2026-06-01,Scalp Serum,1,59.0,0.0,59.0,14.0
2903,2171,2026-07-07,Hair Growth System (Device),1,495.0,0.0,495.0,140.0
2904,2172,2026-07-19,Hair Growth System (Device),1,495.0,0.2,396.0,140.0
2905,2173,2026-04-09,Hair Growth System (Device),1,495.0,0.0,495.0,140.0
2906,2174,2026-03-25,Replacement Cap Pads,1,39.0,0.15,33.15,9.0
2907,2174,2026-06-09,Scalp Serum,1,59.0,0.0,59.0,14.0
2908,2175,2026-03-03,Hair Growth System (Device),1,495.0,0.0,495.0,140.0
2909,2176,2026-06-01,Hair Growth System (Device),1,495.0,0.0,495.0,140.0
2910,2177,2026-06-01,Hair Growth System (Device),1,495.0,0.0,495.0,140.0
2911,2178,2026-05-19,Hair Growth System (Device),1,495.0,0.0,495.0,140.0
2912,2178,2026-06-20,Scalp Serum,2,59.0,0.15,100.3,14.0
2913,2178,2026-07-27,Replacement Cap Pads,1,39.0,0.0,39.0,9.0
2914,2179,2026-04-21,Hair Growth System (Device),1,495.0,0.0,495.0,140.0
2915,2180,2026-04-19,Hair Growth System (Device),1,495.0,0.0,495.0,140.0
2916,2180,2026-05-01,Scalp Serum,1,59.0,0.0,59.0,14.0
2917,2180,2026-06-26,Replacement Cap Pads,1,39.0,0.0,39.0,9.0
2918,2181,2026-04-25,Scalp Serum,1,59.0,0.0,59.0,14.0
2919,2181,2026-05-24,Replacement Cap Pads,1,39.0,0.0,39.0,9.0
2920,2182,2026-02-11,Red Light Face Mask,1,249.0,0.1,224.1,75.0
2921,2182,2026-04-19,Scalp Serum,1,59.0,0.0,59.0,14.0
2922,2182,2026-06-20,Replacement Cap Pads,2,39.0,0.1,70.2,9.0
2923,2183,2026-01-26,Red Light Face Mask,1,249.0,0.15,211.65,75.0
2924,2183,2026-02-05,Scalp Serum,1,59.0,0.0,59.0,14.0
2925,2184,2026-07-02,Hair Growth System (Device),1,495.0,0.0,495.0,140.0
2926,2185,2026-04-03,Replacement Cap Pads,1,39.0,0.1,35.1,9.0
2927,2186,2026-07-15,Hair Growth System (Device),1,495.0,0.0,495.0,140.0
2928,2187,2026-04-18,Scalp Serum,1,59.0,0.2,47.2,14.0
2929,2188,2026-05-05,Scalp Serum,1,59.0,0.0,59.0,14.0
2930,2188,2026-07-01,Red Light Face Mask,1,249.0,0.0,249.0,75.0
2931,2189,2026-07-11,Hair Growth System (Device),1,495.0,0.0,495.0,140.0
2932,2190,2026-06-20,Red Light Face Mask,1,249.0,0.15,211.65,75.0
2933,2191,2026-07-16,Red Light Face Mask,1,249.0,0.0,249.0,75.0
2934,2192,2026-04-07,Hair Growth System (Device),1,495.0,0.2,396.0,140.0
2935,2192,2026-05-20,Scalp Serum,1,59.0,0.0,59.0,14.0
2936,2193,2026-06-06,Hair Growth System (Device),1,495.0,0.0,495.0,140.0
2937,2194,2026-05-04,Hair Growth System (Device),1,495.0,0.0,495.0,140.0
2938,2195,2026-05-19,Hair Growth System (Device),1,495.0,0.15,420.75,140.0
2939,2195,2026-07-24,Red Light Face Mask,1,249.0,0.2,199.2,75.0
2940,2196,2026-05-20,Scalp Serum,1,59.0,0.0,59.0,14.0
2941,2196,2026-06-25,Scalp Serum,1,59.0,0.0,59.0,14.0
2942,2197,2026-03-20,Scalp Serum,1,59.0,0.15,50.15,14.0
2943,2198,2026-07-01,Hair Growth System (Device),1,495.0,0.0,495.0,140.0
2944,2199,2026-05-06,Hair Growth System (Device),1,495.0,0.2,396.0,140.0
2945,2200,2026-07-03,Hair Growth System (Device),1,495.0,0.0,495.0,140.0
2946,2201,2026-04-26,Scalp Serum,1,59.0,0.1,53.1,14.0
2947,2201,2026-05-16,Scalp Serum,1,59.0,0.1,53.1,14.0
2948,2201,2026-06-15,Replacement Cap Pads,1,39.0,0.0,39.0,9.0
2949,2202,2026-01-01,Hair Growth System (Device),1,495.0,0.0,495.0,140.0
2950,2203,2026-07-08,Red Light Face Mask,1,249.0,0.1,224.1,75.0
2951,2204,2026-05-12,Hair Growth System (Device),1,495.0,0.0,495.0,140.0
2952,2205,2026-01-29,Hair Growth System (Device),1,495.0,0.0,495.0,140.0
2953,2205,2026-06-05,Scalp Serum,1,59.0,0.0,59.0,14.0
2954,2206,2026-05-22,Hair Growth System (Device),1,495.0,0.0,495.0,140.0
2955,2207,2026-03-10,Scalp Serum,1,59.0,0.2,47.2,14.0
2956,2208,2026-06-25,Hair Growth System (Device),1,495.0,0.1,445.5,140.0
2957,2209,2026-02-25,Hair Growth System (Device),1,495.0,0.1,445.5,140.0
2958,2210,2026-06-21,Scalp Serum,1,59.0,0.1,53.1,14.0
2959,2211,2026-06-01,Scalp Serum,1,59.0,0.0,59.0,14.0
2960,2211,2026-07-14,Replacement Cap Pads,2,39.0,0.0,78.0,9.0
2961,2212,2026-05-16,Hair Growth System (Device),1,495.0,0.0,495.0,140.0
2962,2213,2026-06-04,Hair Growth System (Device),1,495.0,0.0,495.0,140.0
2963,2213,2026-07-07,Scalp Serum,2,59.0,0.0,118.0,14.0
2964,2214,2026-07-26,Hair Growth System (Device),1,495.0,0.0,495.0,140.0
2965,2215,2026-04-06,Hair Growth System (Device),1,495.0,0.0,495.0,140.0
2966,2216,2026-05-26,Replacement Cap Pads,1,39.0,0.0,39.0,9.0
2967,2216,2026-06-07,Replacement Cap Pads,1,39.0,0.0,39.0,9.0
2968,2217,2026-06-11,Hair Growth System (Device),1,495.0,0.0,495.0,140.0
2969,2218,2026-04-21,Hair Growth System (Device),1,495.0,0.0,495.0,140.0
2970,2218,2026-05-13,Scalp Serum,1,59.0,0.0,59.0,14.0
2971,2219,2026-01-19,Scalp Serum,1,59.0,0.0,59.0,14.0
2972,2219,2026-03-18,Red Light Face Mask,1,249.0,0.0,249.0,75.0
2973,2220,2026-06-09,Scalp Serum,1,59.0,0.1,53.1,14.0
2974,2221,2026-01-12,Hair Growth System (Device),1,495.0,0.1,445.5,140.0
2975,2222,2026-06-26,Hair Growth System (Device),1,495.0,0.0,495.0,140.0
2976,2223,2026-06-15,Hair Growth System (Device),1,495.0,0.0,495.0,140.0
2977,2224,2026-04-16,Scalp Serum,1,59.0,0.0,59.0,14.0
2978,2225,2026-05-23,Scalp Serum,1,59.0,0.0,59.0,14.0
2979,2226,2026-06-09,Scalp Serum,1,59.0,0.0,59.0,14.0
2980,2226,2026-07-02,Replacement Cap Pads,2,39.0,0.0,78.0,9.0
2981,2227,2026-04-14,Hair Growth System (Device),1,495.0,0.0,495.0,140.0
2982,2228,2026-06-17,Red Light Face Mask,1,249.0,0.0,249.0,75.0
2983,2229,2026-06-26,Hair Growth System (Device),1,495.0,0.1,445.5,140.0
2984,2230,2026-05-29,Scalp Serum,1,59.0,0.1,53.1,14.0
2985,2231,2026-07-30,Red Light Face Mask,1,249.0,0.0,249.0,75.0
2986,2232,2026-07-04,Hair Growth System (Device),1,495.0,0.0,495.0,140.0
2987,2233,2026-04-17,Scalp Serum,1,59.0,0.1,53.1,14.0
2988,2234,2026-02-27,Scalp Serum,1,59.0,0.0,59.0,14.0
2989,2235,2026-07-02,Hair Growth System (Device),1,495.0,0.0,495.0,140.0
2990,2236,2026-01-22,Hair Growth System (Device),1,495.0,0.0,495.0,140.0
2991,2236,2026-07-04,Red Light Face Mask,1,249.0,0.15,211.65,75.0
2992,2237,2026-05-01,Red Light Face Mask,1,249.0,0.1,224.1,75.0
2993,2237,2026-07-15,Scalp Serum,1,59.0,0.0,59.0,14.0
2994,2238,2026-02-25,Replacement Cap Pads,1,39.0,0.1,35.1,9.0
2995,2239,2026-03-21,Red Light Face Mask,1,249.0,0.0,249.0,75.0
2996,2239,2026-06-10,Replacement Cap Pads,1,39.0,0.0,39.0,9.0
2997,2240,2026-03-29,Hair Growth System (Device),1,495.0,0.2,396.0,140.0
2998,2241,2026-04-25,Replacement Cap Pads,1,39.0,0.0,39.0,9.0
2999,2242,2026-02-28,Hair Growth System (Device),1,495.0,0.0,495.0,140.0
3000,2242,2026-03-07,Scalp Serum,2,59.0,0.0,118.0,14.0
3001,2242,2026-05-16,Replacement Cap Pads,1,39.0,0.0,39.0,9.0
3002,2243,2026-05-07,Scalp Serum,1,59.0,0.0,59.0,14.0
3003,2243,2026-07-18,Scalp Serum,1,59.0,0.0,59.0,14.0
3004,2244,2026-06-23,Hair Growth System (Device),1,495.0,0.1,445.5,140.0
3005,2245,2026-07-12,Hair Growth System (Device),1,495.0,0.0,495.0,140.0
3006,2246,2026-06-28,Hair Growth System (Device),1,495.0,0.0,495.0,140.0
3007,2247,2026-04-28,Hair Growth System (Device),1,495.0,0.0,495.0,140.0
3008,2248,2026-07-05,Hair Growth System (Device),1,495.0,0.0,495.0,140.0
3009,2249,2026-05-10,Hair Growth System (Device),1,495.0,0.0,495.0,140.0
3010,2250,2026-05-18,Red Light Face Mask,1,249.0,0.15,211.65,75.0
3011,2251,2026-04-03,Replacement Cap Pads,1,39.0,0.0,39.0,9.0
3012,2252,2026-07-18,Scalp Serum,1,59.0,0.0,59.0,14.0
3013,2253,2026-03-28,Hair Growth System (Device),1,495.0,0.0,495.0,140.0
3014,2254,2026-03-11,Hair Growth System (Device),1,495.0,0.0,495.0,140.0
3015,2254,2026-04-06,Scalp Serum,1,59.0,0.0,59.0,14.0
3016,2255,2026-04-02,Scalp Serum,1,59.0,0.15,50.15,14.0
3017,2255,2026-06-10,Replacement Cap Pads,1,39.0,0.0,39.0,9.0
3018,2256,2026-07-24,Red Light Face Mask,1,249.0,0.0,249.0,75.0
3019,2257,2026-05-06,Hair Growth System (Device),1,495.0,0.0,495.0,140.0
3020,2258,2026-04-29,Hair Growth System (Device),1,495.0,0.0,495.0,140.0
3021,2258,2026-05-28,Replacement Cap Pads,1,39.0,0.0,39.0,9.0
3022,2259,2026-02-24,Hair Growth System (Device),1,495.0,0.0,495.0,140.0
3023,2260,2026-02-05,Red Light Face Mask,1,249.0,0.0,249.0,75.0
3024,2260,2026-06-07,Replacement Cap Pads,2,39.0,0.0,78.0,9.0
3025,2261,2026-07-29,Scalp Serum,1,59.0,0.0,59.0,14.0
3026,2262,2026-07-22,Hair Growth System (Device),1,495.0,0.0,495.0,140.0
3027,2263,2026-03-06,Hair Growth System (Device),1,495.0,0.0,495.0,140.0
3028,2264,2026-05-12,Red Light Face Mask,1,249.0,0.0,249.0,75.0
3029,2265,2026-03-18,Hair Growth System (Device),1,495.0,0.0,495.0,140.0
3030,2265,2026-07-24,Red Light Face Mask,2,249.0,0.15,423.3,75.0
3031,2266,2026-06-24,Scalp Serum,1,59.0,0.15,50.15,14.0
3032,2267,2026-01-16,Scalp Serum,1,59.0,0.0,59.0,14.0
3033,2267,2026-04-10,Scalp Serum,1,59.0,0.0,59.0,14.0
3034,2267,2026-05-20,Scalp Serum,1,59.0,0.0,59.0,14.0
3035,2268,2026-06-18,Hair Growth System (Device),1,495.0,0.15,420.75,140.0
3036,2269,2026-07-29,Hair Growth System (Device),1,495.0,0.0,495.0,140.0
3037,2270,2026-07-19,Red Light Face Mask,1,249.0,0.0,249.0,75.0
3038,2271,2026-07-03,Hair Growth System (Device),1,495.0,0.0,495.0,140.0
3039,2272,2026-05-10,Hair Growth System (Device),1,495.0,0.1,445.5,140.0
3040,2272,2026-07-25,Replacement Cap Pads,1,39.0,0.0,39.0,9.0
3041,2273,2026-04-06,Scalp Serum,1,59.0,0.15,50.15,14.0
3042,2274,2026-06-13,Scalp Serum,1,59.0,0.0,59.0,14.0
3043,2275,2026-05-01,Red Light Face Mask,1,249.0,0.0,249.0,75.0
3044,2275,2026-06-01,Replacement Cap Pads,1,39.0,0.1,35.1,9.0
3045,2276,2026-07-04,Red Light Face Mask,1,249.0,0.0,249.0,75.0
3046,2277,2026-06-19,Hair Growth System (Device),1,495.0,0.0,495.0,140.0
3047,2278,2026-07-14,Hair Growth System (Device),1,495.0,0.0,495.0,140.0
3048,2279,2026-06-04,Red Light Face Mask,1,249.0,0.1,224.1,75.0
3049,2280,2026-04-16,Hair Growth System (Device),1,495.0,0.0,495.0,140.0
3050,2281,2026-06-14,Hair Growth System (Device),1,495.0,0.0,495.0,140.0
3051,2282,2026-05-21,Scalp Serum,1,59.0,0.0,59.0,14.0
3052,2283,2026-01-26,Hair Growth System (Device),1,495.0,0.15,420.75,140.0
3053,2284,2026-03-16,Hair Growth System (Device),1,495.0,0.0,495.0,140.0
3054,2284,2026-04-19,Replacement Cap Pads,2,39.0,0.0,78.0,9.0
3055,2285,2026-07-08,Hair Growth System (Device),1,495.0,0.0,495.0,140.0
3056,2286,2026-05-18,Hair Growth System (Device),1,495.0,0.0,495.0,140.0
3057,2287,2026-04-04,Scalp Serum,1,59.0,0.0,59.0,14.0
3058,2287,2026-06-12,Scalp Serum,1,59.0,0.0,59.0,14.0
3059,2288,2026-04-27,Hair Growth System (Device),1,495.0,0.2,396.0,140.0
3060,2288,2026-05-03,Scalp Serum,1,59.0,0.0,59.0,14.0
3061,2288,2026-06-16,Scalp Serum,2,59.0,0.0,118.0,14.0
3062,2288,2026-07-16,Replacement Cap Pads,1,39.0,0.0,39.0,9.0
3063,2289,2026-04-05,Hair Growth System (Device),1,495.0,0.0,495.0,140.0
3064,2290,2026-07-25,Hair Growth System (Device),1,495.0,0.1,445.5,140.0
3065,2291,2026-05-25,Replacement Cap Pads,1,39.0,0.0,39.0,9.0
3066,2292,2026-05-19,Hair Growth System (Device),1,495.0,0.0,495.0,140.0
3067,2293,2026-05-27,Red Light Face Mask,1,249.0,0.0,249.0,75.0
3068,2294,2026-03-02,Scalp Serum,1,59.0,0.0,59.0,14.0
3069,2294,2026-05-06,Scalp Serum,2,59.0,0.1,106.2,14.0
3070,2295,2026-06-04,Hair Growth System (Device),1,495.0,0.0,495.0,140.0
3071,2296,2026-05-11,Red Light Face Mask,1,249.0,0.0,249.0,75.0
3072,2296,2026-07-05,Scalp Serum,1,59.0,0.0,59.0,14.0
3073,2297,2026-06-08,Hair Growth System (Device),1,495.0,0.0,495.0,140.0
3074,2297,2026-07-19,Scalp Serum,1,59.0,0.0,59.0,14.0
3075,2298,2026-06-28,Red Light Face Mask,1,249.0,0.0,249.0,75.0
3076,2299,2026-01-14,Hair Growth System (Device),1,495.0,0.0,495.0,140.0
3077,2299,2026-03-02,Scalp Serum,1,59.0,0.2,47.2,14.0
3078,2299,2026-06-02,Replacement Cap Pads,1,39.0,0.0,39.0,9.0
3079,2300,2026-05-10,Hair Growth System (Device),1,495.0,0.0,495.0,140.0
3080,2300,2026-07-25,Scalp Serum,1,59.0,0.0,59.0,14.0
3081,2301,2026-05-13,Hair Growth System (Device),1,495.0,0.0,495.0,140.0
3082,2301,2026-06-06,Scalp Serum,1,59.0,0.0,59.0,14.0
3083,2302,2026-04-28,Red Light Face Mask,1,249.0,0.1,224.1,75.0
3084,2302,2026-05-09,Replacement Cap Pads,1,39.0,0.0,39.0,9.0
3085,2303,2026-07-18,Hair Growth System (Device),1,495.0,0.0,495.0,140.0
3086,2304,2026-07-23,Hair Growth System (Device),1,495.0,0.0,495.0,140.0
3087,2305,2026-07-26,Replacement Cap Pads,1,39.0,0.0,39.0,9.0
3088,2306,2026-05-05,Hair Growth System (Device),1,495.0,0.0,495.0,140.0
3089,2307,2026-05-09,Hair Growth System (Device),1,495.0,0.0,495.0,140.0
3090,2308,2026-05-18,Scalp Serum,1,59.0,0.0,59.0,14.0
3091,2309,2026-07-22,Scalp Serum,1,59.0,0.0,59.0,14.0
3092,2310,2026-02-05,Red Light Face Mask,1,249.0,0.0,249.0,75.0
3093,2310,2026-06-08,Scalp Serum,1,59.0,0.0,59.0,14.0
3094,2311,2026-07-25,Hair Growth System (Device),1,495.0,0.0,495.0,140.0
3095,2312,2026-06-10,Hair Growth System (Device),1,495.0,0.2,396.0,140.0
3096,2313,2026-03-14,Hair Growth System (Device),1,495.0,0.1,445.5,140.0
3097,2314,2026-05-11,Replacement Cap Pads,1,39.0,0.15,33.15,9.0
3098,2315,2026-03-01,Hair Growth System (Device),1,495.0,0.0,495.0,140.0
3099,2316,2026-03-27,Replacement Cap Pads,1,39.0,0.0,39.0,9.0
3100,2316,2026-04-25,Red Light Face Mask,1,249.0,0.1,224.1,75.0
3101,2317,2026-05-30,Hair Growth System (Device),1,495.0,0.0,495.0,140.0
3102,2318,2026-06-11,Hair Growth System (Device),1,495.0,0.1,445.5,140.0
3103,2319,2026-07-22,Scalp Serum,1,59.0,0.15,50.15,14.0
3104,2320,2026-06-09,Scalp Serum,1,59.0,0.0,59.0,14.0
3105,2320,2026-07-25,Red Light Face Mask,2,249.0,0.0,498.0,75.0
3106,2321,2026-04-20,Scalp Serum,1,59.0,0.0,59.0,14.0
3107,2321,2026-06-28,Replacement Cap Pads,2,39.0,0.15,66.3,9.0
3108,2322,2026-06-26,Hair Growth System (Device),1,495.0,0.0,495.0,140.0
3109,2323,2026-05-28,Red Light Face Mask,1,249.0,0.0,249.0,75.0
3110,2324,2026-05-17,Hair Growth System (Device),1,495.0,0.0,495.0,140.0
3111,2324,2026-06-13,Replacement Cap Pads,1,39.0,0.0,39.0,9.0
3112,2325,2026-05-19,Scalp Serum,1,59.0,0.0,59.0,14.0
3113,2326,2026-03-19,Replacement Cap Pads,1,39.0,0.0,39.0,9.0
3114,2326,2026-04-22,Red Light Face Mask,1,249.0,0.0,249.0,75.0
3115,2326,2026-07-01,Scalp Serum,1,59.0,0.0,59.0,14.0
3116,2327,2026-03-12,Replacement Cap Pads,1,39.0,0.0,39.0,9.0
3117,2327,2026-06-01,Replacement Cap Pads,1,39.0,0.0,39.0,9.0
3118,2328,2026-04-05,Replacement Cap Pads,1,39.0,0.2,31.2,9.0
3119,2328,2026-06-13,Red Light Face Mask,1,249.0,0.0,249.0,75.0
3120,2328,2026-07-10,Red Light Face Mask,2,249.0,0.0,498.0,75.0
3121,2329,2026-04-03,Scalp Serum,1,59.0,0.0,59.0,14.0
3122,2330,2026-05-21,Hair Growth System (Device),1,495.0,0.0,495.0,140.0
3123,2331,2026-06-18,Hair Growth System (Device),1,495.0,0.1,445.5,140.0
3124,2332,2026-03-16,Replacement Cap Pads,1,39.0,0.0,39.0,9.0
3125,2333,2026-04-13,Scalp Serum,1,59.0,0.1,53.1,14.0
3126,2333,2026-07-09,Replacement Cap Pads,1,39.0,0.2,31.2,9.0
3127,2334,2026-01-21,Hair Growth System (Device),1,495.0,0.0,495.0,140.0
3128,2335,2026-06-22,Scalp Serum,1,59.0,0.0,59.0,14.0
3129,2336,2026-04-07,Hair Growth System (Device),1,495.0,0.0,495.0,140.0
3130,2336,2026-06-04,Red Light Face Mask,1,249.0,0.0,249.0,75.0
3131,2337,2026-06-02,Hair Growth System (Device),1,495.0,0.0,495.0,140.0
3132,2338,2026-05-28,Scalp Serum,1,59.0,0.0,59.0,14.0
3133,2339,2026-05-03,Hair Growth System (Device),1,495.0,0.0,495.0,140.0
3134,2340,2026-04-29,Hair Growth System (Device),1,495.0,0.0,495.0,140.0
3135,2341,2026-05-14,Scalp Serum,1,59.0,0.0,59.0,14.0
3136,2341,2026-06-19,Scalp Serum,1,59.0,0.0,59.0,14.0
3137,2341,2026-07-14,Scalp Serum,2,59.0,0.0,118.0,14.0
3138,2342,2026-07-17,Hair Growth System (Device),1,495.0,0.2,396.0,140.0
3139,2343,2026-07-16,Red Light Face Mask,1,249.0,0.0,249.0,75.0
3140,2344,2026-07-22,Hair Growth System (Device),1,495.0,0.2,396.0,140.0
3141,2345,2026-06-03,Scalp Serum,1,59.0,0.0,59.0,14.0
3142,2346,2026-04-16,Hair Growth System (Device),1,495.0,0.0,495.0,140.0
3143,2347,2026-07-16,Red Light Face Mask,1,249.0,0.0,249.0,75.0
3144,2348,2026-01-12,Hair Growth System (Device),1,495.0,0.1,445.5,140.0
3145,2348,2026-04-02,Red Light Face Mask,1,249.0,0.1,224.1,75.0
3146,2349,2026-04-30,Red Light Face Mask,1,249.0,0.1,224.1,75.0
3147,2350,2026-07-27,Hair Growth System (Device),1,495.0,0.0,495.0,140.0
3148,2351,2026-04-12,Hair Growth System (Device),1,495.0,0.0,495.0,140.0
3149,2351,2026-06-16,Scalp Serum,1,59.0,0.0,59.0,14.0
3150,2352,2026-07-08,Scalp Serum,1,59.0,0.0,59.0,14.0
3151,2353,2026-07-24,Hair Growth System (Device),1,495.0,0.0,495.0,140.0
3152,2354,2026-06-26,Hair Growth System (Device),1,495.0,0.0,495.0,140.0
3153,2355,2026-06-14,Red Light Face Mask,1,249.0,0.1,224.1,75.0
3154,2355,2026-07-26,Red Light Face Mask,1,249.0,0.0,249.0,75.0
3155,2356,2026-07-17,Hair Growth System (Device),1,495.0,0.1,445.5,140.0
3156,2357,2026-02-07,Hair Growth System (Device),1,495.0,0.0,495.0,140.0
3157,2357,2026-05-17,Red Light Face Mask,1,249.0,0.0,249.0,75.0
3158,2357,2026-06-15,Replacement Cap Pads,1,39.0,0.0,39.0,9.0
3159,2358,2026-07-30,Red Light Face Mask,1,249.0,0.0,249.0,75.0
3160,2359,2026-07-19,Red Light Face Mask,1,249.0,0.0,249.0,75.0
3161,2360,2026-06-05,Hair Growth System (Device),1,495.0,0.1,445.5,140.0
3162,2361,2026-07-25,Hair Growth System (Device),1,495.0,0.15,420.75,140.0
3163,2362,2026-07-30,Hair Growth System (Device),1,495.0,0.0,495.0,140.0
3164,2363,2026-05-01,Scalp Serum,1,59.0,0.2,47.2,14.0
3165,2363,2026-06-10,Replacement Cap Pads,1,39.0,0.0,39.0,9.0
3166,2364,2026-06-28,Replacement Cap Pads,1,39.0,0.2,31.2,9.0
3167,2364,2026-07-04,Replacement Cap Pads,1,39.0,0.0,39.0,9.0
3168,2365,2026-06-22,Hair Growth System (Device),1,495.0,0.0,495.0,140.0
3169,2365,2026-07-11,Scalp Serum,1,59.0,0.0,59.0,14.0
3170,2366,2026-06-17,Scalp Serum,1,59.0,0.2,47.2,14.0
3171,2366,2026-07-18,Scalp Serum,1,59.0,0.0,59.0,14.0
3172,2367,2026-05-02,Hair Growth System (Device),1,495.0,0.2,396.0,140.0
3173,2368,2026-07-22,Scalp Serum,1,59.0,0.15,50.15,14.0
3174,2369,2026-07-21,Hair Growth System (Device),1,495.0,0.0,495.0,140.0
3175,2370,2026-06-20,Hair Growth System (Device),1,495.0,0.0,495.0,140.0
3176,2370,2026-07-19,Replacement Cap Pads,1,39.0,0.0,39.0,9.0
3177,2371,2026-05-20,Red Light Face Mask,1,249.0,0.0,249.0,75.0
3178,2372,2026-04-24,Scalp Serum,1,59.0,0.15,50.15,14.0
3179,2372,2026-06-19,Scalp Serum,1,59.0,0.0,59.0,14.0
3180,2373,2026-06-12,Scalp Serum,1,59.0,0.0,59.0,14.0
3181,2374,2026-06-09,Replacement Cap Pads,1,39.0,0.0,39.0,9.0
3182,2374,2026-07-15,Red Light Face Mask,1,249.0,0.0,249.0,75.0
3183,2375,2026-05-11,Hair Growth System (Device),1,495.0,0.0,495.0,140.0
3184,2376,2026-06-12,Hair Growth System (Device),1,495.0,0.0,495.0,140.0
3185,2376,2026-07-02,Scalp Serum,1,59.0,0.0,59.0,14.0
3186,2377,2026-05-18,Red Light Face Mask,1,249.0,0.15,211.65,75.0
3187,2377,2026-06-27,Scalp Serum,2,59.0,0.0,118.0,14.0
3188,2378,2026-07-23,Hair Growth System (Device),1,495.0,0.0,495.0,140.0
3189,2379,2026-06-12,Hair Growth System (Device),1,495.0,0.0,495.0,140.0
3190,2380,2026-07-14,Replacement Cap Pads,1,39.0,0.15,33.15,9.0
3191,2381,2026-04-25,Hair Growth System (Device),1,495.0,0.0,495.0,140.0
3192,2382,2026-03-23,Scalp Serum,1,59.0,0.2,47.2,14.0
3193,2382,2026-05-05,Scalp Serum,1,59.0,0.0,59.0,14.0
3194,2382,2026-06-04,Scalp Serum,1,59.0,0.0,59.0,14.0
3195,2383,2026-07-14,Hair Growth System (Device),1,495.0,0.0,495.0,140.0
3196,2384,2026-04-30,Scalp Serum,1,59.0,0.0,59.0,14.0
3197,2385,2026-04-21,Hair Growth System (Device),1,495.0,0.15,420.75,140.0
3198,2386,2026-06-17,Scalp Serum,1,59.0,0.0,59.0,14.0
3199,2387,2026-07-27,Hair Growth System (Device),1,495.0,0.1,445.5,140.0
3200,2388,2026-03-24,Hair Growth System (Device),1,495.0,0.0,495.0,140.0
3201,2388,2026-04-26,Scalp Serum,1,59.0,0.0,59.0,14.0
3202,2388,2026-07-25,Red Light Face Mask,1,249.0,0.0,249.0,75.0
3203,2389,2026-07-23,Red Light Face Mask,1,249.0,0.15,211.65,75.0
3204,2390,2026-07-22,Red Light Face Mask,1,249.0,0.0,249.0,75.0
3205,2391,2026-06-29,Scalp Serum,1,59.0,0.0,59.0,14.0
3206,2392,2026-07-21,Hair Growth System (Device),1,495.0,0.15,420.75,140.0
3207,2393,2026-05-13,Hair Growth System (Device),1,495.0,0.0,495.0,140.0
3208,2394,2026-05-05,Hair Growth System (Device),1,495.0,0.2,396.0,140.0
3209,2395,2026-06-29,Hair Growth System (Device),1,495.0,0.0,495.0,140.0
3210,2396,2026-06-26,Red Light Face Mask,1,249.0,0.0,249.0,75.0
3211,2397,2026-04-30,Scalp Serum,1,59.0,0.15,50.15,14.0
3212,2398,2026-02-19,Scalp Serum,1,59.0,0.15,50.15,14.0
3213,2398,2026-03-25,Replacement Cap Pads,1,39.0,0.1,35.1,9.0
3214,2399,2026-06-10,Scalp Serum,1,59.0,0.0,59.0,14.0
3215,2400,2026-07-19,Hair Growth System (Device),1,495.0,0.0,495.0,140.0
3216,2401,2026-04-04,Scalp Serum,1,59.0,0.15,50.15,14.0
3217,2402,2026-07-15,Hair Growth System (Device),1,495.0,0.15,420.75,140.0
3218,2403,2026-07-15,Scalp Serum,1,59.0,0.2,47.2,14.0
3219,2404,2026-06-23,Scalp Serum,1,59.0,0.0,59.0,14.0
3220,2405,2026-05-06,Replacement Cap Pads,1,39.0,0.0,39.0,9.0
3221,2405,2026-06-20,Replacement Cap Pads,2,39.0,0.0,78.0,9.0
3222,2406,2026-03-14,Hair Growth System (Device),1,495.0,0.0,495.0,140.0
3223,2406,2026-05-18,Replacement Cap Pads,1,39.0,0.15,33.15,9.0
3224,2407,2026-05-19,Scalp Serum,1,59.0,0.0,59.0,14.0
3225,2408,2026-04-15,Hair Growth System (Device),1,495.0,0.0,495.0,140.0
3226,2409,2026-04-27,Hair Growth System (Device),1,495.0,0.0,495.0,140.0
3227,2410,2026-07-02,Scalp Serum,1,59.0,0.0,59.0,14.0
3228,2411,2026-06-22,Hair Growth System (Device),1,495.0,0.0,495.0,140.0
3229,2411,2026-07-15,Scalp Serum,1,59.0,0.0,59.0,14.0
3230,2412,2026-07-10,Replacement Cap Pads,1,39.0,0.0,39.0,9.0
3231,2413,2026-05-21,Red Light Face Mask,1,249.0,0.0,249.0,75.0
3232,2414,2026-03-15,Hair Growth System (Device),1,495.0,0.0,495.0,140.0
3233,2414,2026-05-18,Replacement Cap Pads,1,39.0,0.0,39.0,9.0
3234,2414,2026-07-16,Scalp Serum,2,59.0,0.0,118.0,14.0
3235,2415,2026-04-11,Hair Growth System (Device),1,495.0,0.0,495.0,140.0
3236,2416,2026-05-27,Replacement Cap Pads,1,39.0,0.15,33.15,9.0
3237,2416,2026-06-26,Replacement Cap Pads,1,39.0,0.0,39.0,9.0
3238,2417,2026-06-12,Hair Growth System (Device),1,495.0,0.0,495.0,140.0
3239,2418,2026-06-26,Hair Growth System (Device),1,495.0,0.0,495.0,140.0
3240,2419,2026-05-01,Hair Growth System (Device),1,495.0,0.0,495.0,140.0
3241,2419,2026-06-11,Scalp Serum,1,59.0,0.0,59.0,14.0
3242,2420,2026-06-04,Scalp Serum,1,59.0,0.0,59.0,14.0
3243,2421,2026-05-13,Hair Growth System (Device),1,495.0,0.1,445.5,140.0
3244,2421,2026-07-16,Scalp Serum,2,59.0,0.0,118.0,14.0
3245,2422,2026-06-03,Hair Growth System (Device),1,495.0,0.0,495.0,140.0
3246,2422,2026-07-07,Red Light Face Mask,1,249.0,0.0,249.0,75.0
3247,2423,2026-06-04,Scalp Serum,1,59.0,0.0,59.0,14.0
3248,2424,2026-07-03,Hair Growth System (Device),1,495.0,0.15,420.75,140.0
3249,2425,2026-03-14,Replacement Cap Pads,1,39.0,0.0,39.0,9.0
3250,2426,2026-01-16,Hair Growth System (Device),1,495.0,0.15,420.75,140.0
3251,2426,2026-02-06,Scalp Serum,1,59.0,0.0,59.0,14.0
3252,2426,2026-03-06,Scalp Serum,1,59.0,0.0,59.0,14.0
3253,2426,2026-04-15,Scalp Serum,1,59.0,0.1,53.1,14.0
3254,2427,2026-02-11,Hair Growth System (Device),1,495.0,0.0,495.0,140.0
3255,2427,2026-05-05,Scalp Serum,1,59.0,0.0,59.0,14.0
3256,2427,2026-07-06,Scalp Serum,1,59.0,0.0,59.0,14.0
3257,2428,2026-04-17,Replacement Cap Pads,1,39.0,0.1,35.1,9.0
3258,2428,2026-05-14,Scalp Serum,1,59.0,0.0,59.0,14.0
3259,2428,2026-06-21,Replacement Cap Pads,1,39.0,0.0,39.0,9.0
3260,2429,2026-03-16,Hair Growth System (Device),1,495.0,0.0,495.0,140.0
3261,2429,2026-05-06,Replacement Cap Pads,1,39.0,0.0,39.0,9.0
3262,2430,2026-03-29,Hair Growth System (Device),1,495.0,0.0,495.0,140.0
3263,2430,2026-06-12,Replacement Cap Pads,1,39.0,0.0,39.0,9.0
3264,2431,2026-04-16,Red Light Face Mask,1,249.0,0.1,224.1,75.0
3265,2431,2026-05-26,Scalp Serum,1,59.0,0.0,59.0,14.0
3266,2431,2026-07-13,Scalp Serum,2,59.0,0.0,118.0,14.0
3267,2432,2026-07-20,Replacement Cap Pads,1,39.0,0.1,35.1,9.0
3268,2433,2026-03-20,Hair Growth System (Device),1,495.0,0.0,495.0,140.0
3269,2433,2026-07-20,Replacement Cap Pads,1,39.0,0.15,33.15,9.0
3270,2434,2026-07-21,Hair Growth System (Device),1,495.0,0.0,495.0,140.0
3271,2435,2026-05-31,Scalp Serum,1,59.0,0.0,59.0,14.0
3272,2435,2026-06-16,Scalp Serum,2,59.0,0.15,100.3,14.0
3273,2436,2026-01-31,Hair Growth System (Device),1,495.0,0.0,495.0,140.0
3274,2436,2026-05-19,Scalp Serum,1,59.0,0.0,59.0,14.0
3275,2437,2026-07-26,Hair Growth System (Device),1,495.0,0.0,495.0,140.0
3276,2438,2026-05-07,Scalp Serum,1,59.0,0.1,53.1,14.0
3277,2438,2026-07-22,Scalp Serum,1,59.0,0.0,59.0,14.0
3278,2439,2026-02-05,Scalp Serum,1,59.0,0.0,59.0,14.0
3279,2439,2026-07-05,Scalp Serum,1,59.0,0.0,59.0,14.0
3280,2440,2026-05-23,Hair Growth System (Device),1,495.0,0.0,495.0,140.0
3281,2441,2026-07-24,Hair Growth System (Device),1,495.0,0.0,495.0,140.0
3282,2442,2026-06-17,Scalp Serum,1,59.0,0.0,59.0,14.0
3283,2443,2026-06-19,Hair Growth System (Device),1,495.0,0.0,495.0,140.0
3284,2443,2026-07-20,Replacement Cap Pads,1,39.0,0.0,39.0,9.0
3285,2444,2026-06-19,Hair Growth System (Device),1,495.0,0.15,420.75,140.0
3286,2445,2026-07-11,Replacement Cap Pads,1,39.0,0.1,35.1,9.0
3287,2446,2026-05-10,Hair Growth System (Device),1,495.0,0.1,445.5,140.0
3288,2447,2026-04-20,Red Light Face Mask,1,249.0,0.0,249.0,75.0
3289,2447,2026-05-14,Scalp Serum,1,59.0,0.0,59.0,14.0
3290,2448,2026-05-15,Hair Growth System (Device),1,495.0,0.0,495.0,140.0
3291,2449,2026-07-21,Hair Growth System (Device),1,495.0,0.0,495.0,140.0
3292,2450,2026-07-08,Hair Growth System (Device),1,495.0,0.0,495.0,140.0
3293,2451,2026-07-28,Replacement Cap Pads,1,39.0,0.0,39.0,9.0
3294,2452,2026-07-06,Hair Growth System (Device),1,495.0,0.0,495.0,140.0
3295,2453,2026-07-17,Red Light Face Mask,1,249.0,0.15,211.65,75.0
3296,2454,2026-03-07,Red Light Face Mask,1,249.0,0.0,249.0,75.0
3297,2454,2026-04-22,Replacement Cap Pads,1,39.0,0.0,39.0,9.0
3298,2454,2026-06-10,Scalp Serum,1,59.0,0.0,59.0,14.0
3299,2455,2026-04-23,Red Light Face Mask,1,249.0,0.15,211.65,75.0
3300,2456,2026-01-13,Red Light Face Mask,1,249.0,0.0,249.0,75.0
3301,2457,2026-07-01,Hair Growth System (Device),1,495.0,0.1,445.5,140.0
3302,2458,2026-06-12,Scalp Serum,1,59.0,0.2,47.2,14.0
3303,2459,2026-03-17,Hair Growth System (Device),1,495.0,0.0,495.0,140.0
3304,2460,2026-03-25,Scalp Serum,1,59.0,0.1,53.1,14.0
3305,2460,2026-04-05,Scalp Serum,1,59.0,0.0,59.0,14.0
3306,2460,2026-06-11,Replacement Cap Pads,2,39.0,0.0,78.0,9.0
3307,2461,2026-06-30,Hair Growth System (Device),1,495.0,0.1,445.5,140.0
3308,2461,2026-07-05,Scalp Serum,2,59.0,0.1,106.2,14.0
3309,2462,2026-07-28,Scalp Serum,1,59.0,0.0,59.0,14.0
3310,2463,2026-06-14,Red Light Face Mask,1,249.0,0.0,249.0,75.0
3311,2464,2026-07-29,Scalp Serum,1,59.0,0.0,59.0,14.0
3312,2465,2026-04-21,Hair Growth System (Device),1,495.0,0.0,495.0,140.0
3313,2465,2026-06-04,Scalp Serum,1,59.0,0.0,59.0,14.0
3314,2466,2026-07-18,Hair Growth System (Device),1,495.0,0.0,495.0,140.0
3315,2467,2026-07-15,Hair Growth System (Device),1,495.0,0.0,495.0,140.0
3316,2468,2026-04-28,Red Light Face Mask,1,249.0,0.0,249.0,75.0
3317,2469,2026-06-30,Scalp Serum,1,59.0,0.0,59.0,14.0
3318,2470,2026-02-20,Hair Growth System (Device),1,495.0,0.0,495.0,140.0
3319,2470,2026-05-17,Scalp Serum,1,59.0,0.0,59.0,14.0
3320,2470,2026-06-08,Scalp Serum,1,59.0,0.0,59.0,14.0
3321,2471,2026-07-17,Scalp Serum,1,59.0,0.15,50.15,14.0
3322,2472,2026-05-31,Red Light Face Mask,1,249.0,0.0,249.0,75.0
3323,2473,2026-06-01,Scalp Serum,1,59.0,0.0,59.0,14.0
3324,2473,2026-07-23,Replacement Cap Pads,1,39.0,0.0,39.0,9.0
3325,2474,2026-06-26,Scalp Serum,1,59.0,0.0,59.0,14.0
3326,2475,2026-07-21,Scalp Serum,1,59.0,0.0,59.0,14.0
3327,2476,2026-06-26,Hair Growth System (Device),1,495.0,0.0,495.0,140.0
3328,2477,2026-07-01,Replacement Cap Pads,1,39.0,0.1,35.1,9.0
3329,2478,2026-07-17,Replacement Cap Pads,1,39.0,0.0,39.0,9.0
3330,2479,2026-06-14,Hair Growth System (Device),1,495.0,0.0,495.0,140.0
3331,2479,2026-07-05,Replacement Cap Pads,1,39.0,0.0,39.0,9.0
3332,2480,2026-07-18,Replacement Cap Pads,1,39.0,0.15,33.15,9.0
3333,2481,2026-02-27,Scalp Serum,1,59.0,0.0,59.0,14.0
3334,2482,2026-05-18,Hair Growth System (Device),1,495.0,0.0,495.0,140.0
3335,2483,2026-03-13,Hair Growth System (Device),1,495.0,0.0,495.0,140.0
3336,2483,2026-04-06,Replacement Cap Pads,2,39.0,0.0,78.0,9.0
3337,2483,2026-06-01,Scalp Serum,1,59.0,0.0,59.0,14.0
3338,2484,2026-06-04,Red Light Face Mask,1,249.0,0.15,211.65,75.0
3339,2485,2026-04-26,Scalp Serum,1,59.0,0.0,59.0,14.0
3340,2486,2026-07-01,Scalp Serum,1,59.0,0.0,59.0,14.0
3341,2487,2026-04-27,Red Light Face Mask,1,249.0,0.0,249.0,75.0
3342,2487,2026-07-07,Replacement Cap Pads,1,39.0,0.0,39.0,9.0
3343,2488,2026-07-11,Scalp Serum,1,59.0,0.15,50.15,14.0
3344,2489,2026-06-15,Hair Growth System (Device),1,495.0,0.0,495.0,140.0
3345,2490,2026-06-15,Hair Growth System (Device),1,495.0,0.0,495.0,140.0
3346,2491,2026-01-16,Hair Growth System (Device),1,495.0,0.0,495.0,140.0
3347,2491,2026-03-07,Red Light Face Mask,1,249.0,0.0,249.0,75.0
3348,2491,2026-05-08,Scalp Serum,1,59.0,0.0,59.0,14.0
3349,2492,2026-05-06,Hair Growth System (Device),1,495.0,0.0,495.0,140.0
3350,2493,2026-03-03,Scalp Serum,1,59.0,0.0,59.0,14.0
3351,2494,2026-03-16,Hair Growth System (Device),1,495.0,0.0,495.0,140.0
3352,2494,2026-05-11,Scalp Serum,2,59.0,0.0,118.0,14.0
3353,2494,2026-06-15,Replacement Cap Pads,1,39.0,0.0,39.0,9.0
3354,2495,2026-06-20,Scalp Serum,1,59.0,0.0,59.0,14.0
3355,2496,2026-04-26,Red Light Face Mask,1,249.0,0.0,249.0,75.0
3356,2497,2026-07-10,Scalp Serum,1,59.0,0.0,59.0,14.0
3357,2498,2026-07-13,Hair Growth System (Device),1,495.0,0.0,495.0,140.0
3358,2499,2026-05-19,Hair Growth System (Device),1,495.0,0.15,420.75,140.0
3359,2500,2026-04-04,Red Light Face Mask,1,249.0,0.0,249.0,75.0
3360,2501,2026-05-13,Hair Growth System (Device),1,495.0,0.0,495.0,140.0
3361,2502,2026-03-26,Hair Growth System (Device),1,495.0,0.0,495.0,140.0
3362,2502,2026-05-01,Scalp Serum,1,59.0,0.15,50.15,14.0
3363,2503,2026-06-22,Hair Growth System (Device),1,495.0,0.0,495.0,140.0
3364,2503,2026-07-11,Scalp Serum,2,59.0,0.0,118.0,14.0
3365,2504,2026-06-06,Hair Growth System (Device),1,495.0,0.0,495.0,140.0
3366,2505,2026-05-01,Red Light Face Mask,1,249.0,0.0,249.0,75.0
3367,2506,2026-05-30,Hair Growth System (Device),1,495.0,0.0,495.0,140.0
3368,2507,2026-05-12,Hair Growth System (Device),1,495.0,0.1,445.5,140.0
3369,2508,2026-01-31,Hair Growth System (Device),1,495.0,0.0,495.0,140.0
3370,2508,2026-07-07,Red Light Face Mask,1,249.0,0.0,249.0,75.0
3371,2509,2026-07-04,Hair Growth System (Device),1,495.0,0.0,495.0,140.0
3372,2510,2026-05-04,Red Light Face Mask,1,249.0,0.0,249.0,75.0
3373,2511,2026-05-20,Scalp Serum,1,59.0,0.1,53.1,14.0
3374,2512,2026-07-04,Scalp Serum,1,59.0,0.1,53.1,14.0
3375,2513,2026-05-31,Scalp Serum,1,59.0,0.0,59.0,14.0
3376,2513,2026-06-10,Scalp Serum,2,59.0,0.0,118.0,14.0
3377,2514,2026-07-16,Replacement Cap Pads,1,39.0,0.0,39.0,9.0
3378,2515,2026-07-11,Hair Growth System (Device),1,495.0,0.15,420.75,140.0
3379,2516,2026-07-09,Hair Growth System (Device),1,495.0,0.0,495.0,140.0
3380,2517,2026-03-31,Hair Growth System (Device),1,495.0,0.15,420.75,140.0
3381,2518,2026-06-18,Red Light Face Mask,1,249.0,0.1,224.1,75.0
3382,2519,2026-02-11,Replacement Cap Pads,1,39.0,0.0,39.0,9.0
3383,2519,2026-05-17,Red Light Face Mask,1,249.0,0.0,249.0,75.0
3384,2519,2026-06-21,Replacement Cap Pads,2,39.0,0.0,78.0,9.0
3385,2520,2026-06-15,Hair Growth System (Device),1,495.0,0.0,495.0,140.0
3386,2520,2026-07-27,Scalp Serum,1,59.0,0.0,59.0,14.0
3387,2521,2026-05-15,Hair Growth System (Device),1,495.0,0.0,495.0,140.0
3388,2522,2026-04-12,Red Light Face Mask,1,249.0,0.2,199.2,75.0
3389,2523,2026-05-31,Scalp Serum,1,59.0,0.0,59.0,14.0
3390,2524,2026-04-20,Replacement Cap Pads,1,39.0,0.1,35.1,9.0
3391,2525,2026-05-17,Scalp Serum,1,59.0,0.0,59.0,14.0
3392,2526,2026-01-10,Hair Growth System (Device),1,495.0,0.1,445.5,140.0
3393,2527,2026-04-22,Red Light Face Mask,1,249.0,0.0,249.0,75.0
3394,2527,2026-06-12,Replacement Cap Pads,1,39.0,0.0,39.0,9.0
3395,2528,2026-04-16,Hair Growth System (Device),1,495.0,0.0,495.0,140.0
3396,2529,2026-03-12,Replacement Cap Pads,1,39.0,0.0,39.0,9.0
3397,2529,2026-05-19,Replacement Cap Pads,1,39.0,0.0,39.0,9.0
3398,2530,2026-07-05,Hair Growth System (Device),1,495.0,0.0,495.0,140.0
3399,2531,2026-07-09,Scalp Serum,1,59.0,0.0,59.0,14.0
3400,2532,2026-06-14,Hair Growth System (Device),1,495.0,0.0,495.0,140.0
3401,2532,2026-07-21,Scalp Serum,1,59.0,0.0,59.0,14.0
3402,2533,2026-06-11,Red Light Face Mask,1,249.0,0.0,249.0,75.0
3403,2534,2026-06-17,Hair Growth System (Device),1,495.0,0.0,495.0,140.0
3404,2535,2026-07-27,Hair Growth System (Device),1,495.0,0.0,495.0,140.0
3405,2536,2026-04-03,Hair Growth System (Device),1,495.0,0.0,495.0,140.0
3406,2537,2026-07-24,Hair Growth System (Device),1,495.0,0.0,495.0,140.0
3407,2538,2026-05-26,Hair Growth System (Device),1,495.0,0.0,495.0,140.0
3408,2539,2026-03-24,Hair Growth System (Device),1,495.0,0.0,495.0,140.0
3409,2539,2026-07-10,Scalp Serum,2,59.0,0.0,118.0,14.0
3410,2540,2026-06-27,Hair Growth System (Device),1,495.0,0.0,495.0,140.0
3411,2541,2026-07-14,Red Light Face Mask,1,249.0,0.0,249.0,75.0
3412,2542,2026-05-08,Hair Growth System (Device),1,495.0,0.0,495.0,140.0
3413,2543,2026-05-20,Hair Growth System (Device),1,495.0,0.0,495.0,140.0
3414,2543,2026-07-16,Red Light Face Mask,1,249.0,0.0,249.0,75.0
3415,2544,2026-07-25,Hair Growth System (Device),1,495.0,0.0,495.0,140.0
3416,2545,2026-04-21,Replacement Cap Pads,1,39.0,0.0,39.0,9.0
3417,2546,2026-07-26,Scalp Serum,1,59.0,0.0,59.0,14.0
3418,2547,2026-04-03,Scalp Serum,1,59.0,0.0,59.0,14.0
3419,2547,2026-06-24,Scalp Serum,1,59.0,0.0,59.0,14.0
3420,2548,2026-06-03,Hair Growth System (Device),1,495.0,0.0,495.0,140.0
3421,2549,2026-05-20,Replacement Cap Pads,1,39.0,0.0,39.0,9.0
3422,2550,2026-05-12,Hair Growth System (Device),1,495.0,0.0,495.0,140.0
3423,2551,2026-01-13,Hair Growth System (Device),1,495.0,0.0,495.0,140.0
3424,2552,2026-01-20,Replacement Cap Pads,1,39.0,0.15,33.15,9.0
3425,2552,2026-05-02,Scalp Serum,1,59.0,0.0,59.0,14.0
3426,2553,2026-05-30,Scalp Serum,1,59.0,0.0,59.0,14.0
3427,2554,2026-07-14,Scalp Serum,1,59.0,0.1,53.1,14.0
3428,2555,2026-03-14,Hair Growth System (Device),1,495.0,0.1,445.5,140.0
3429,2556,2026-04-24,Hair Growth System (Device),1,495.0,0.2,396.0,140.0
3430,2556,2026-05-20,Scalp Serum,1,59.0,0.0,59.0,14.0
3431,2556,2026-06-02,Replacement Cap Pads,1,39.0,0.0,39.0,9.0
3432,2557,2026-04-22,Hair Growth System (Device),1,495.0,0.0,495.0,140.0
3433,2558,2026-02-17,Scalp Serum,1,59.0,0.0,59.0,14.0
3434,2558,2026-04-21,Scalp Serum,2,59.0,0.0,118.0,14.0
3435,2559,2026-03-13,Hair Growth System (Device),1,495.0,0.0,495.0,140.0
3436,2559,2026-07-23,Scalp Serum,1,59.0,0.0,59.0,14.0
3437,2560,2026-07-28,Replacement Cap Pads,1,39.0,0.2,31.2,9.0
3438,2561,2026-07-18,Hair Growth System (Device),1,495.0,0.0,495.0,140.0
3439,2562,2026-07-19,Hair Growth System (Device),1,495.0,0.0,495.0,140.0
3440,2563,2026-06-16,Replacement Cap Pads,1,39.0,0.0,39.0,9.0
3441,2564,2026-06-30,Hair Growth System (Device),1,495.0,0.15,420.75,140.0
3442,2565,2026-01-27,Scalp Serum,1,59.0,0.0,59.0,14.0
3443,2565,2026-02-04,Replacement Cap Pads,1,39.0,0.0,39.0,9.0
3444,2566,2026-07-24,Hair Growth System (Device),1,495.0,0.0,495.0,140.0
3445,2567,2026-06-25,Hair Growth System (Device),1,495.0,0.0,495.0,140.0
3446,2568,2026-06-16,Red Light Face Mask,1,249.0,0.0,249.0,75.0
3447,2569,2026-05-21,Red Light Face Mask,1,249.0,0.0,249.0,75.0
3448,2570,2026-06-17,Hair Growth System (Device),1,495.0,0.15,420.75,140.0
3449,2571,2026-05-21,Hair Growth System (Device),1,495.0,0.0,495.0,140.0
3450,2571,2026-07-25,Replacement Cap Pads,1,39.0,0.0,39.0,9.0
3451,2572,2026-03-23,Hair Growth System (Device),1,495.0,0.0,495.0,140.0
3452,2573,2026-05-24,Hair Growth System (Device),1,495.0,0.0,495.0,140.0
3453,2574,2026-06-09,Hair Growth System (Device),1,495.0,0.15,420.75,140.0
3454,2575,2026-04-23,Hair Growth System (Device),1,495.0,0.0,495.0,140.0
3455,2576,2026-07-10,Hair Growth System (Device),1,495.0,0.0,495.0,140.0
3456,2577,2026-03-21,Hair Growth System (Device),1,495.0,0.0,495.0,140.0
3457,2577,2026-07-16,Scalp Serum,2,59.0,0.0,118.0,14.0
3458,2578,2026-06-19,Hair Growth System (Device),1,495.0,0.2,396.0,140.0
3459,2579,2026-03-20,Hair Growth System (Device),1,495.0,0.0,495.0,140.0
3460,2580,2026-03-08,Hair Growth System (Device),1,495.0,0.0,495.0,140.0
3461,2580,2026-04-10,Replacement Cap Pads,1,39.0,0.0,39.0,9.0
3462,2580,2026-05-13,Red Light Face Mask,1,249.0,0.0,249.0,75.0
3463,2581,2026-01-25,Red Light Face Mask,1,249.0,0.0,249.0,75.0
3464,2581,2026-06-03,Scalp Serum,1,59.0,0.0,59.0,14.0
3465,2582,2026-03-18,Hair Growth System (Device),1,495.0,0.0,495.0,140.0
3466,2582,2026-06-09,Replacement Cap Pads,1,39.0,0.0,39.0,9.0
3467,2583,2026-07-24,Hair Growth System (Device),1,495.0,0.0,495.0,140.0
3468,2584,2026-01-21,Replacement Cap Pads,1,39.0,0.0,39.0,9.0
3469,2585,2026-07-10,Hair Growth System (Device),1,495.0,0.0,495.0,140.0
3470,2586,2026-03-20,Red Light Face Mask,1,249.0,0.0,249.0,75.0
3471,2586,2026-04-13,Replacement Cap Pads,1,39.0,0.0,39.0,9.0
3472,2586,2026-05-01,Replacement Cap Pads,2,39.0,0.0,78.0,9.0
3473,2586,2026-07-08,Scalp Serum,1,59.0,0.0,59.0,14.0
3474,2587,2026-07-10,Hair Growth System (Device),1,495.0,0.0,495.0,140.0
3475,2588,2026-04-15,Scalp Serum,1,59.0,0.0,59.0,14.0
3476,2588,2026-06-21,Red Light Face Mask,1,249.0,0.0,249.0,75.0
3477,2588,2026-07-06,Scalp Serum,2,59.0,0.0,118.0,14.0
3478,2589,2026-06-05,Hair Growth System (Device),1,495.0,0.0,495.0,140.0
3479,2590,2026-06-05,Hair Growth System (Device),1,495.0,0.0,495.0,140.0
3480,2591,2026-05-16,Scalp Serum,1,59.0,0.0,59.0,14.0
3481,2591,2026-06-16,Replacement Cap Pads,1,39.0,0.0,39.0,9.0
3482,2592,2026-04-11,Hair Growth System (Device),1,495.0,0.15,420.75,140.0
3483,2593,2026-04-24,Replacement Cap Pads,1,39.0,0.0,39.0,9.0
3484,2593,2026-05-16,Scalp Serum,1,59.0,0.0,59.0,14.0
3485,2594,2026-06-24,Hair Growth System (Device),1,495.0,0.0,495.0,140.0
3486,2594,2026-07-14,Scalp Serum,2,59.0,0.0,118.0,14.0
3487,2595,2026-05-28,Red Light Face Mask,1,249.0,0.0,249.0,75.0
3488,2596,2026-07-26,Hair Growth System (Device),1,495.0,0.0,495.0,140.0
3489,2597,2026-05-02,Scalp Serum,1,59.0,0.0,59.0,14.0
3490,2598,2026-03-03,Hair Growth System (Device),1,495.0,0.0,495.0,140.0
3491,2599,2026-05-19,Hair Growth System (Device),1,495.0,0.0,495.0,140.0
3492,2600,2026-05-18,Red Light Face Mask,1,249.0,0.1,224.1,75.0
3493,2601,2026-06-16,Hair Growth System (Device),1,495.0,0.0,495.0,140.0
3494,2602,2026-04-20,Hair Growth System (Device),1,495.0,0.1,445.5,140.0
3495,2603,2026-04-19,Hair Growth System (Device),1,495.0,0.1,445.5,140.0
3496,2604,2026-07-07,Hair Growth System (Device),1,495.0,0.0,495.0,140.0
3497,2605,2026-07-06,Hair Growth System (Device),1,495.0,0.0,495.0,140.0
3498,2606,2026-05-22,Hair Growth System (Device),1,495.0,0.1,445.5,140.0
3499,2607,2026-07-10,Hair Growth System (Device),1,495.0,0.2,396.0,140.0
3500,2608,2026-06-29,Hair Growth System (Device),1,495.0,0.0,495.0,140.0
3501,2609,2026-03-17,Hair Growth System (Device),1,495.0,0.0,495.0,140.0
3502,2609,2026-04-09,Scalp Serum,1,59.0,0.1,53.1,14.0
3503,2610,2026-05-29,Scalp Serum,1,59.0,0.0,59.0,14.0
3504,2611,2026-06-13,Hair Growth System (Device),1,495.0,0.2,396.0,140.0
3505,2612,2026-07-25,Scalp Serum,1,59.0,0.15,50.15,14.0
3506,2613,2026-06-06,Scalp Serum,1,59.0,0.2,47.2,14.0
3507,2613,2026-07-01,Replacement Cap Pads,1,39.0,0.0,39.0,9.0
3508,2614,2026-06-04,Hair Growth System (Device),1,495.0,0.2,396.0,140.0
3509,2614,2026-07-05,Scalp Serum,1,59.0,0.0,59.0,14.0
3510,2615,2026-06-28,Hair Growth System (Device),1,495.0,0.0,495.0,140.0
3511,2616,2026-07-10,Hair Growth System (Device),1,495.0,0.0,495.0,140.0
3512,2617,2026-05-07,Hair Growth System (Device),1,495.0,0.0,495.0,140.0
3513,2618,2026-05-08,Replacement Cap Pads,1,39.0,0.0,39.0,9.0
3514,2619,2026-03-12,Replacement Cap Pads,1,39.0,0.0,39.0,9.0
3515,2619,2026-06-04,Replacement Cap Pads,1,39.0,0.0,39.0,9.0
3516,2620,2026-07-14,Scalp Serum,1,59.0,0.0,59.0,14.0
3517,2621,2026-05-24,Red Light Face Mask,1,249.0,0.0,249.0,75.0
3518,2621,2026-06-09,Scalp Serum,1,59.0,0.0,59.0,14.0
3519,2622,2026-07-23,Hair Growth System (Device),1,495.0,0.0,495.0,140.0
3520,2623,2026-04-10,Scalp Serum,1,59.0,0.0,59.0,14.0
3521,2623,2026-05-08,Scalp Serum,1,59.0,0.0,59.0,14.0
3522,2624,2026-06-26,Hair Growth System (Device),1,495.0,0.0,495.0,140.0
3523,2625,2026-06-26,Hair Growth System (Device),1,495.0,0.0,495.0,140.0
3524,2626,2026-03-10,Red Light Face Mask,1,249.0,0.0,249.0,75.0
3525,2626,2026-05-10,Scalp Serum,1,59.0,0.0,59.0,14.0
3526,2627,2026-06-12,Scalp Serum,1,59.0,0.0,59.0,14.0
3527,2628,2026-03-21,Hair Growth System (Device),1,495.0,0.0,495.0,140.0
3528,2628,2026-05-08,Scalp Serum,2,59.0,0.0,118.0,14.0
3529,2628,2026-06-28,Replacement Cap Pads,1,39.0,0.0,39.0,9.0
3530,2629,2026-07-12,Hair Growth System (Device),1,495.0,0.0,495.0,140.0
3531,2630,2026-05-25,Scalp Serum,1,59.0,0.15,50.15,14.0
3532,2630,2026-06-04,Scalp Serum,1,59.0,0.0,59.0,14.0
3533,2630,2026-07-04,Scalp Serum,2,59.0,0.0,118.0,14.0
3534,2631,2026-07-25,Hair Growth System (Device),1,495.0,0.0,495.0,140.0
3535,2632,2026-05-21,Hair Growth System (Device),1,495.0,0.0,495.0,140.0
3536,2632,2026-06-08,Replacement Cap Pads,1,39.0,0.0,39.0,9.0
3537,2633,2026-03-12,Scalp Serum,1,59.0,0.0,59.0,14.0
3538,2633,2026-04-02,Replacement Cap Pads,1,39.0,0.0,39.0,9.0
3539,2634,2026-06-14,Hair Growth System (Device),1,495.0,0.15,420.75,140.0
3540,2634,2026-07-24,Replacement Cap Pads,2,39.0,0.0,78.0,9.0
3541,2635,2026-05-13,Scalp Serum,1,59.0,0.0,59.0,14.0
3542,2635,2026-06-09,Replacement Cap Pads,1,39.0,0.0,39.0,9.0
3543,2636,2026-05-23,Scalp Serum,1,59.0,0.2,47.2,14.0
3544,2637,2026-06-09,Red Light Face Mask,1,249.0,0.0,249.0,75.0
3545,2638,2026-07-23,Hair Growth System (Device),1,495.0,0.0,495.0,140.0
3546,2639,2026-05-10,Replacement Cap Pads,1,39.0,0.0,39.0,9.0
3547,2640,2026-05-14,Hair Growth System (Device),1,495.0,0.0,495.0,140.0
3548,2640,2026-07-16,Scalp Serum,1,59.0,0.0,59.0,14.0
3549,2641,2026-07-11,Hair Growth System (Device),1,495.0,0.0,495.0,140.0
3550,2642,2026-02-28,Scalp Serum,1,59.0,0.0,59.0,14.0
3551,2642,2026-05-09,Scalp Serum,1,59.0,0.1,53.1,14.0
3552,2643,2026-05-15,Scalp Serum,1,59.0,0.0,59.0,14.0
3553,2644,2026-05-09,Red Light Face Mask,1,249.0,0.0,249.0,75.0
3554,2644,2026-06-06,Replacement Cap Pads,2,39.0,0.0,78.0,9.0
3555,2645,2026-03-10,Hair Growth System (Device),1,495.0,0.0,495.0,140.0
3556,2646,2026-05-03,Scalp Serum,1,59.0,0.0,59.0,14.0
3557,2647,2026-03-10,Hair Growth System (Device),1,495.0,0.0,495.0,140.0
3558,2648,2026-07-21,Scalp Serum,1,59.0,0.0,59.0,14.0
3559,2649,2026-07-23,Scalp Serum,1,59.0,0.0,59.0,14.0
3560,2650,2026-06-09,Replacement Cap Pads,1,39.0,0.0,39.0,9.0
3561,2650,2026-07-13,Scalp Serum,1,59.0,0.0,59.0,14.0
3562,2651,2026-05-27,Hair Growth System (Device),1,495.0,0.0,495.0,140.0
3563,2652,2026-04-28,Replacement Cap Pads,1,39.0,0.0,39.0,9.0
3564,2653,2026-07-26,Hair Growth System (Device),1,495.0,0.0,495.0,140.0
3565,2654,2026-05-12,Red Light Face Mask,1,249.0,0.0,249.0,75.0
3566,2654,2026-07-02,Red Light Face Mask,1,249.0,0.0,249.0,75.0
3567,2655,2026-06-23,Hair Growth System (Device),1,495.0,0.1,445.5,140.0
3568,2656,2026-05-30,Hair Growth System (Device),1,495.0,0.0,495.0,140.0
3569,2657,2026-02-02,Scalp Serum,1,59.0,0.0,59.0,14.0
3570,2657,2026-03-10,Scalp Serum,1,59.0,0.1,53.1,14.0
3571,2657,2026-04-13,Scalp Serum,2,59.0,0.0,118.0,14.0
3572,2657,2026-05-02,Replacement Cap Pads,1,39.0,0.0,39.0,9.0
3573,2658,2026-01-10,Hair Growth System (Device),1,495.0,0.0,495.0,140.0
3574,2659,2026-03-06,Hair Growth System (Device),1,495.0,0.0,495.0,140.0
3575,2659,2026-04-27,Red Light Face Mask,1,249.0,0.0,249.0,75.0
3576,2659,2026-05-11,Red Light Face Mask,1,249.0,0.0,249.0,75.0
3577,2659,2026-07-06,Scalp Serum,1,59.0,0.0,59.0,14.0
3578,2660,2026-07-09,Hair Growth System (Device),1,495.0,0.0,495.0,140.0
3579,2661,2026-03-26,Hair Growth System (Device),1,495.0,0.1,445.5,140.0
3580,2662,2026-06-30,Hair Growth System (Device),1,495.0,0.1,445.5,140.0
3581,2663,2026-05-04,Hair Growth System (Device),1,495.0,0.1,445.5,140.0
3582,2664,2026-05-07,Hair Growth System (Device),1,495.0,0.0,495.0,140.0
3583,2665,2026-07-19,Scalp Serum,1,59.0,0.0,59.0,14.0
3584,2666,2026-04-07,Red Light Face Mask,1,249.0,0.0,249.0,75.0
3585,2667,2026-03-24,Scalp Serum,1,59.0,0.0,59.0,14.0
3586,2667,2026-05-12,Scalp Serum,1,59.0,0.0,59.0,14.0
3587,2667,2026-07-16,Scalp Serum,1,59.0,0.0,59.0,14.0
3588,2668,2026-07-09,Hair Growth System (Device),1,495.0,0.0,495.0,140.0
3589,2669,2026-06-06,Hair Growth System (Device),1,495.0,0.1,445.5,140.0
3590,2670,2026-03-04,Scalp Serum,1,59.0,0.1,53.1,14.0
3591,2670,2026-05-17,Scalp Serum,1,59.0,0.0,59.0,14.0
3592,2670,2026-06-25,Replacement Cap Pads,1,39.0,0.0,39.0,9.0
3593,2671,2026-07-23,Hair Growth System (Device),1,495.0,0.0,495.0,140.0
3594,2672,2026-05-08,Hair Growth System (Device),1,495.0,0.0,495.0,140.0
3595,2673,2026-07-05,Hair Growth System (Device),1,495.0,0.1,445.5,140.0
3596,2674,2026-04-17,Scalp Serum,1,59.0,0.0,59.0,14.0
3597,2675,2026-03-21,Scalp Serum,1,59.0,0.0,59.0,14.0
3598,2675,2026-07-19,Scalp Serum,1,59.0,0.0,59.0,14.0
3599,2676,2026-02-11,Hair Growth System (Device),1,495.0,0.0,495.0,140.0
3600,2676,2026-07-07,Scalp Serum,2,59.0,0.0,118.0,14.0
3601,2677,2026-07-22,Hair Growth System (Device),1,495.0,0.15,420.75,140.0
3602,2678,2026-07-13,Hair Growth System (Device),1,495.0,0.0,495.0,140.0
3603,2679,2026-06-24,Red Light Face Mask,1,249.0,0.0,249.0,75.0
3604,2679,2026-07-23,Replacement Cap Pads,1,39.0,0.0,39.0,9.0
3605,2680,2026-07-17,Red Light Face Mask,1,249.0,0.0,249.0,75.0
3606,2681,2026-06-19,Replacement Cap Pads,1,39.0,0.15,33.15,9.0
3607,2681,2026-07-24,Scalp Serum,1,59.0,0.0,59.0,14.0
3608,2682,2026-07-11,Red Light Face Mask,1,249.0,0.0,249.0,75.0
3609,2683,2026-04-24,Replacement Cap Pads,1,39.0,0.0,39.0,9.0
3610,2683,2026-05-21,Scalp Serum,1,59.0,0.0,59.0,14.0
3611,2684,2026-02-03,Scalp Serum,1,59.0,0.2,47.2,14.0
3612,2684,2026-04-09,Red Light Face Mask,2,249.0,0.0,498.0,75.0
3613,2685,2026-05-25,Scalp Serum,1,59.0,0.0,59.0,14.0
3614,2686,2026-03-11,Hair Growth System (Device),1,495.0,0.0,495.0,140.0
3615,2686,2026-06-16,Scalp Serum,1,59.0,0.0,59.0,14.0
3616,2687,2026-07-26,Replacement Cap Pads,1,39.0,0.1,35.1,9.0
3617,2688,2026-05-14,Scalp Serum,1,59.0,0.0,59.0,14.0
3618,2689,2026-06-14,Scalp Serum,1,59.0,0.15,50.15,14.0
3619,2689,2026-07-16,Replacement Cap Pads,1,39.0,0.0,39.0,9.0
3620,2690,2026-03-13,Scalp Serum,1,59.0,0.0,59.0,14.0
3621,2690,2026-04-13,Scalp Serum,1,59.0,0.0,59.0,14.0
3622,2690,2026-05-05,Scalp Serum,1,59.0,0.0,59.0,14.0
3623,2690,2026-06-03,Scalp Serum,1,59.0,0.0,59.0,14.0
3624,2691,2026-07-25,Red Light Face Mask,1,249.0,0.0,249.0,75.0
3625,2692,2026-06-09,Hair Growth System (Device),1,495.0,0.1,445.5,140.0
3626,2693,2026-02-22,Hair Growth System (Device),1,495.0,0.0,495.0,140.0
3627,2694,2026-04-08,Hair Growth System (Device),1,495.0,0.0,495.0,140.0
3628,2694,2026-06-28,Scalp Serum,1,59.0,0.0,59.0,14.0
3629,2694,2026-07-28,Scalp Serum,2,59.0,0.0,118.0,14.0
3630,2695,2026-07-03,Red Light Face Mask,1,249.0,0.0,249.0,75.0
3631,2696,2026-03-30,Scalp Serum,1,59.0,0.0,59.0,14.0
3632,2696,2026-05-01,Red Light Face Mask,2,249.0,0.0,498.0,75.0
3633,2696,2026-06-28,Replacement Cap Pads,1,39.0,0.0,39.0,9.0
3634,2697,2026-03-02,Red Light Face Mask,1,249.0,0.0,249.0,75.0
3635,2697,2026-04-12,Replacement Cap Pads,1,39.0,0.0,39.0,9.0
3636,2697,2026-05-14,Red Light Face Mask,1,249.0,0.0,249.0,75.0
3637,2698,2026-05-17,Hair Growth System (Device),1,495.0,0.0,495.0,140.0
3638,2698,2026-06-07,Replacement Cap Pads,1,39.0,0.0,39.0,9.0
3639,2699,2026-04-01,Hair Growth System (Device),1,495.0,0.0,495.0,140.0
3640,2699,2026-07-16,Scalp Serum,1,59.0,0.0,59.0,14.0
3641,2700,2026-05-19,Scalp Serum,1,59.0,0.0,59.0,14.0
3642,2701,2026-04-05,Scalp Serum,1,59.0,0.0,59.0,14.0
3643,2701,2026-05-03,Replacement Cap Pads,2,39.0,0.0,78.0,9.0
3644,2702,2026-06-04,Hair Growth System (Device),1,495.0,0.1,445.5,140.0
3645,2703,2026-05-20,Scalp Serum,1,59.0,0.0,59.0,14.0
3646,2703,2026-07-10,Scalp Serum,1,59.0,0.0,59.0,14.0
3647,2704,2026-07-11,Hair Growth System (Device),1,495.0,0.0,495.0,140.0
3648,2705,2026-04-05,Scalp Serum,1,59.0,0.15,50.15,14.0
3649,2706,2026-03-22,Scalp Serum,1,59.0,0.1,53.1,14.0
3650,2706,2026-04-09,Scalp Serum,1,59.0,0.0,59.0,14.0
3651,2706,2026-05-25,Red Light Face Mask,1,249.0,0.0,249.0,75.0
3652,2706,2026-07-24,Replacement Cap Pads,1,39.0,0.0,39.0,9.0
3653,2707,2026-06-30,Red Light Face Mask,1,249.0,0.0,249.0,75.0
3654,2708,2026-01-26,Red Light Face Mask,1,249.0,0.15,211.65,75.0
3655,2708,2026-05-27,Red Light Face Mask,1,249.0,0.0,249.0,75.0
3656,2708,2026-07-13,Replacement Cap Pads,1,39.0,0.0,39.0,9.0
3657,2709,2026-05-30,Hair Growth System (Device),1,495.0,0.0,495.0,140.0
3658,2710,2026-06-23,Scalp Serum,1,59.0,0.0,59.0,14.0
3659,2710,2026-07-25,Scalp Serum,1,59.0,0.0,59.0,14.0
3660,2711,2026-07-29,Hair Growth System (Device),1,495.0,0.1,445.5,140.0
3661,2712,2026-06-18,Hair Growth System (Device),1,495.0,0.0,495.0,140.0
3662,2713,2026-02-10,Hair Growth System (Device),1,495.0,0.2,396.0,140.0
3663,2713,2026-03-23,Replacement Cap Pads,1,39.0,0.0,39.0,9.0
3664,2713,2026-06-24,Scalp Serum,1,59.0,0.0,59.0,14.0
3665,2714,2026-07-05,Scalp Serum,1,59.0,0.0,59.0,14.0
3666,2715,2026-04-07,Hair Growth System (Device),1,495.0,0.0,495.0,140.0
3667,2716,2026-07-26,Replacement Cap Pads,1,39.0,0.0,39.0,9.0
3668,2717,2026-04-26,Hair Growth System (Device),1,495.0,0.0,495.0,140.0
3669,2718,2026-03-16,Hair Growth System (Device),1,495.0,0.0,495.0,140.0
3670,2718,2026-04-04,Replacement Cap Pads,2,39.0,0.0,78.0,9.0
3671,2719,2026-05-16,Hair Growth System (Device),1,495.0,0.0,495.0,140.0
3672,2720,2026-05-18,Red Light Face Mask,1,249.0,0.0,249.0,75.0
3673,2721,2026-07-23,Replacement Cap Pads,1,39.0,0.0,39.0,9.0
3674,2722,2026-06-06,Replacement Cap Pads,1,39.0,0.0,39.0,9.0
3675,2723,2026-04-23,Hair Growth System (Device),1,495.0,0.0,495.0,140.0
3676,2723,2026-07-04,Red Light Face Mask,1,249.0,0.0,249.0,75.0
3677,2724,2026-06-18,Hair Growth System (Device),1,495.0,0.1,445.5,140.0
3678,2725,2026-07-20,Red Light Face Mask,1,249.0,0.0,249.0,75.0
3679,2726,2026-07-13,Red Light Face Mask,1,249.0,0.0,249.0,75.0
3680,2727,2026-07-23,Scalp Serum,1,59.0,0.0,59.0,14.0
3681,2728,2026-06-16,Replacement Cap Pads,1,39.0,0.0,39.0,9.0
3682,2729,2026-05-30,Hair Growth System (Device),1,495.0,0.0,495.0,140.0
3683,2730,2026-07-14,Hair Growth System (Device),1,495.0,0.0,495.0,140.0
3684,2731,2026-06-06,Hair Growth System (Device),1,495.0,0.0,495.0,140.0
3685,2732,2026-07-25,Red Light Face Mask,1,249.0,0.0,249.0,75.0
3686,2733,2026-05-24,Replacement Cap Pads,1,39.0,0.0,39.0,9.0
3687,2734,2026-07-06,Scalp Serum,1,59.0,0.0,59.0,14.0
3688,2735,2026-07-06,Hair Growth System (Device),1,495.0,0.0,495.0,140.0
3689,2736,2026-06-21,Hair Growth System (Device),1,495.0,0.0,495.0,140.0
3690,2737,2026-07-21,Hair Growth System (Device),1,495.0,0.0,495.0,140.0
3691,2738,2026-07-21,Hair Growth System (Device),1,495.0,0.0,495.0,140.0
3692,2739,2026-07-07,Hair Growth System (Device),1,495.0,0.15,420.75,140.0
3693,2740,2026-07-01,Hair Growth System (Device),1,495.0,0.15,420.75,140.0
3694,2741,2026-06-09,Scalp Serum,1,59.0,0.1,53.1,14.0
3695,2741,2026-07-11,Replacement Cap Pads,2,39.0,0.0,78.0,9.0
3696,2742,2026-05-12,Hair Growth System (Device),1,495.0,0.0,495.0,140.0
3697,2743,2026-02-17,Scalp Serum,1,59.0,0.0,59.0,14.0
3698,2744,2026-05-12,Scalp Serum,1,59.0,0.1,53.1,14.0
3699,2745,2026-04-30,Hair Growth System (Device),1,495.0,0.0,495.0,140.0
3700,2746,2026-06-27,Hair Growth System (Device),1,495.0,0.1,445.5,140.0
3701,2747,2026-06-10,Hair Growth System (Device),1,495.0,0.0,495.0,140.0
3702,2748,2026-07-22,Replacement Cap Pads,1,39.0,0.0,39.0,9.0
3703,2749,2026-04-30,Scalp Serum,1,59.0,0.15,50.15,14.0
3704,2750,2026-01-23,Hair Growth System (Device),1,495.0,0.0,495.0,140.0
3705,2751,2026-06-15,Hair Growth System (Device),1,495.0,0.0,495.0,140.0
3706,2751,2026-07-17,Red Light Face Mask,2,249.0,0.0,498.0,75.0
3707,2752,2026-06-09,Scalp Serum,1,59.0,0.0,59.0,14.0
3708,2753,2026-07-29,Replacement Cap Pads,1,39.0,0.0,39.0,9.0
3709,2754,2026-04-02,Hair Growth System (Device),1,495.0,0.0,495.0,140.0
3710,2755,2026-04-03,Red Light Face Mask,1,249.0,0.0,249.0,75.0
3711,2755,2026-07-01,Replacement Cap Pads,1,39.0,0.0,39.0,9.0
3712,2756,2026-07-09,Replacement Cap Pads,1,39.0,0.0,39.0,9.0
3713,2757,2026-02-03,Red Light Face Mask,1,249.0,0.0,249.0,75.0
3714,2758,2026-06-10,Scalp Serum,1,59.0,0.0,59.0,14.0
3715,2759,2026-06-12,Replacement Cap Pads,1,39.0,0.0,39.0,9.0
3716,2760,2026-07-19,Hair Growth System (Device),1,495.0,0.0,495.0,140.0
3717,2761,2026-05-07,Scalp Serum,1,59.0,0.1,53.1,14.0
3718,2762,2026-05-28,Hair Growth System (Device),1,495.0,0.0,495.0,140.0
3719,2763,2026-07-26,Hair Growth System (Device),1,495.0,0.0,495.0,140.0
3720,2764,2026-05-10,Scalp Serum,1,59.0,0.0,59.0,14.0
3721,2765,2026-07-09,Hair Growth System (Device),1,495.0,0.0,495.0,140.0
3722,2766,2026-03-31,Hair Growth System (Device),1,495.0,0.0,495.0,140.0
3723,2767,2026-02-07,Hair Growth System (Device),1,495.0,0.0,495.0,140.0
3724,2767,2026-06-28,Replacement Cap Pads,1,39.0,0.1,35.1,9.0
3725,2768,2026-06-15,Hair Growth System (Device),1,495.0,0.0,495.0,140.0
3726,2769,2026-07-01,Scalp Serum,1,59.0,0.15,50.15,14.0
3727,2770,2026-01-11,Hair Growth System (Device),1,495.0,0.2,396.0,140.0
3728,2771,2026-05-08,Hair Growth System (Device),1,495.0,0.0,495.0,140.0
3729,2772,2026-03-20,Hair Growth System (Device),1,495.0,0.0,495.0,140.0
3730,2772,2026-04-14,Replacement Cap Pads,1,39.0,0.0,39.0,9.0
3731,2773,2026-03-17,Red Light Face Mask,1,249.0,0.0,249.0,75.0
3732,2773,2026-04-12,Replacement Cap Pads,2,39.0,0.0,78.0,9.0
3733,2774,2026-03-05,Hair Growth System (Device),1,495.0,0.1,445.5,140.0
3734,2774,2026-04-14,Scalp Serum,2,59.0,0.1,106.2,14.0
3735,2775,2026-05-25,Hair Growth System (Device),1,495.0,0.0,495.0,140.0
3736,2776,2026-07-25,Red Light Face Mask,1,249.0,0.1,224.1,75.0
3737,2777,2026-04-04,Hair Growth System (Device),1,495.0,0.0,495.0,140.0
3738,2778,2026-07-26,Replacement Cap Pads,1,39.0,0.0,39.0,9.0
3739,2779,2026-06-11,Red Light Face Mask,1,249.0,0.1,224.1,75.0
3740,2780,2026-06-29,Red Light Face Mask,1,249.0,0.0,249.0,75.0
3741,2781,2026-06-12,Hair Growth System (Device),1,495.0,0.0,495.0,140.0
3742,2782,2026-03-11,Scalp Serum,1,59.0,0.1,53.1,14.0
3743,2782,2026-07-25,Scalp Serum,1,59.0,0.0,59.0,14.0
3744,2783,2026-05-06,Hair Growth System (Device),1,495.0,0.0,495.0,140.0
3745,2784,2026-05-22,Red Light Face Mask,1,249.0,0.0,249.0,75.0
3746,2784,2026-06-08,Scalp Serum,1,59.0,0.0,59.0,14.0
3747,2784,2026-07-28,Replacement Cap Pads,1,39.0,0.0,39.0,9.0
3748,2785,2026-04-17,Scalp Serum,1,59.0,0.0,59.0,14.0
3749,2785,2026-05-21,Replacement Cap Pads,1,39.0,0.0,39.0,9.0
3750,2786,2026-07-17,Red Light Face Mask,1,249.0,0.0,249.0,75.0
3751,2787,2026-05-14,Red Light Face Mask,1,249.0,0.0,249.0,75.0
3752,2788,2026-05-19,Replacement Cap Pads,1,39.0,0.0,39.0,9.0
3753,2788,2026-06-05,Scalp Serum,1,59.0,0.15,50.15,14.0
3754,2789,2026-04-08,Hair Growth System (Device),1,495.0,0.0,495.0,140.0
3755,2790,2026-04-29,Hair Growth System (Device),1,495.0,0.0,495.0,140.0
3756,2791,2026-06-28,Hair Growth System (Device),1,495.0,0.0,495.0,140.0
3757,2792,2026-04-30,Hair Growth System (Device),1,495.0,0.0,495.0,140.0
3758,2793,2026-04-23,Red Light Face Mask,1,249.0,0.0,249.0,75.0
3759,2793,2026-05-15,Scalp Serum,1,59.0,0.0,59.0,14.0
3760,2794,2026-06-08,Hair Growth System (Device),1,495.0,0.0,495.0,140.0
3761,2795,2026-07-09,Hair Growth System (Device),1,495.0,0.15,420.75,140.0
3762,2796,2026-06-19,Hair Growth System (Device),1,495.0,0.0,495.0,140.0
3763,2796,2026-07-18,Replacement Cap Pads,2,39.0,0.0,78.0,9.0
3764,2797,2026-07-10,Hair Growth System (Device),1,495.0,0.0,495.0,140.0
3765,2798,2026-05-29,Replacement Cap Pads,1,39.0,0.0,39.0,9.0
3766,2799,2026-03-14,Hair Growth System (Device),1,495.0,0.0,495.0,140.0
3767,2800,2026-06-12,Hair Growth System (Device),1,495.0,0.0,495.0,140.0
3768,2801,2026-01-29,Replacement Cap Pads,1,39.0,0.0,39.0,9.0
3769,2801,2026-07-01,Red Light Face Mask,2,249.0,0.0,498.0,75.0
3770,2802,2026-01-15,Hair Growth System (Device),1,495.0,0.0,495.0,140.0
3771,2802,2026-04-16,Scalp Serum,1,59.0,0.0,59.0,14.0
3772,2802,2026-07-23,Scalp Serum,1,59.0,0.0,59.0,14.0
3773,2803,2026-07-27,Hair Growth System (Device),1,495.0,0.0,495.0,140.0
3774,2804,2026-06-03,Hair Growth System (Device),1,495.0,0.0,495.0,140.0
3775,2805,2026-05-25,Hair Growth System (Device),1,495.0,0.0,495.0,140.0
3776,2806,2026-04-26,Hair Growth System (Device),1,495.0,0.2,396.0,140.0
3777,2807,2026-03-01,Hair Growth System (Device),1,495.0,0.0,495.0,140.0
3778,2808,2026-01-22,Hair Growth System (Device),1,495.0,0.0,495.0,140.0
3779,2808,2026-05-28,Scalp Serum,1,59.0,0.0,59.0,14.0
3780,2809,2026-07-21,Scalp Serum,1,59.0,0.1,53.1,14.0
3781,2810,2026-03-09,Hair Growth System (Device),1,495.0,0.0,495.0,140.0
3782,2810,2026-04-20,Replacement Cap Pads,2,39.0,0.0,78.0,9.0
3783,2810,2026-06-11,Scalp Serum,1,59.0,0.0,59.0,14.0
3784,2811,2026-03-20,Red Light Face Mask,1,249.0,0.0,249.0,75.0
3785,2811,2026-04-16,Replacement Cap Pads,2,39.0,0.0,78.0,9.0
3786,2811,2026-05-21,Replacement Cap Pads,2,39.0,0.0,78.0,9.0
3787,2812,2026-06-29,Hair Growth System (Device),1,495.0,0.0,495.0,140.0
3788,2813,2026-06-29,Scalp Serum,1,59.0,0.1,53.1,14.0
3789,2814,2026-06-04,Red Light Face Mask,1,249.0,0.0,249.0,75.0
3790,2814,2026-07-05,Scalp Serum,1,59.0,0.0,59.0,14.0
3791,2815,2026-02-18,Red Light Face Mask,1,249.0,0.0,249.0,75.0
3792,2815,2026-03-03,Replacement Cap Pads,1,39.0,0.0,39.0,9.0
3793,2815,2026-06-23,Scalp Serum,1,59.0,0.0,59.0,14.0
3794,2816,2026-04-27,Red Light Face Mask,1,249.0,0.0,249.0,75.0
3795,2817,2026-07-07,Hair Growth System (Device),1,495.0,0.15,420.75,140.0
3796,2818,2026-07-22,Hair Growth System (Device),1,495.0,0.0,495.0,140.0
3797,2819,2026-04-30,Hair Growth System (Device),1,495.0,0.15,420.75,140.0
3798,2820,2026-07-14,Hair Growth System (Device),1,495.0,0.15,420.75,140.0
3799,2821,2026-06-22,Hair Growth System (Device),1,495.0,0.0,495.0,140.0
3800,2821,2026-07-24,Scalp Serum,1,59.0,0.0,59.0,14.0
3801,2822,2026-05-26,Hair Growth System (Device),1,495.0,0.15,420.75,140.0
3802,2822,2026-07-09,Scalp Serum,1,59.0,0.0,59.0,14.0
3803,2823,2026-07-05,Red Light Face Mask,1,249.0,0.0,249.0,75.0
3804,2824,2026-07-04,Scalp Serum,1,59.0,0.15,50.15,14.0
3805,2825,2026-07-12,Hair Growth System (Device),1,495.0,0.0,495.0,140.0
3806,2826,2026-07-15,Scalp Serum,1,59.0,0.1,53.1,14.0
3807,2827,2026-05-29,Red Light Face Mask,1,249.0,0.0,249.0,75.0
3808,2828,2026-05-25,Red Light Face Mask,1,249.0,0.0,249.0,75.0
3809,2829,2026-05-04,Hair Growth System (Device),1,495.0,0.0,495.0,140.0
3810,2829,2026-06-12,Scalp Serum,1,59.0,0.0,59.0,14.0
3811,2830,2026-06-01,Hair Growth System (Device),1,495.0,0.0,495.0,140.0
3812,2831,2026-06-27,Red Light Face Mask,1,249.0,0.2,199.2,75.0
3813,2832,2026-03-10,Hair Growth System (Device),1,495.0,0.0,495.0,140.0
3814,2833,2026-05-12,Scalp Serum,1,59.0,0.0,59.0,14.0
3815,2834,2026-04-06,Hair Growth System (Device),1,495.0,0.0,495.0,140.0
3816,2835,2026-05-18,Scalp Serum,1,59.0,0.0,59.0,14.0
3817,2836,2026-06-10,Red Light Face Mask,1,249.0,0.0,249.0,75.0
3818,2837,2026-03-11,Hair Growth System (Device),1,495.0,0.0,495.0,140.0
3819,2838,2026-05-24,Scalp Serum,1,59.0,0.0,59.0,14.0
3820,2838,2026-06-19,Red Light Face Mask,1,249.0,0.0,249.0,75.0
3821,2839,2026-06-03,Scalp Serum,1,59.0,0.0,59.0,14.0
3822,2840,2026-06-06,Hair Growth System (Device),1,495.0,0.0,495.0,140.0
3823,2841,2026-05-13,Hair Growth System (Device),1,495.0,0.1,445.5,140.0
3824,2842,2026-05-21,Hair Growth System (Device),1,495.0,0.0,495.0,140.0
3825,2843,2026-05-11,Hair Growth System (Device),1,495.0,0.0,495.0,140.0
3826,2844,2026-04-02,Scalp Serum,1,59.0,0.0,59.0,14.0
3827,2844,2026-06-04,Replacement Cap Pads,1,39.0,0.0,39.0,9.0
3828,2845,2026-06-14,Hair Growth System (Device),1,495.0,0.0,495.0,140.0
3829,2845,2026-07-24,Scalp Serum,2,59.0,0.0,118.0,14.0
3830,2846,2026-02-04,Hair Growth System (Device),1,495.0,0.0,495.0,140.0
3831,2847,2026-01-28,Hair Growth System (Device),1,495.0,0.0,495.0,140.0
3832,2847,2026-03-03,Scalp Serum,1,59.0,0.1,53.1,14.0
3833,2848,2026-07-18,Hair Growth System (Device),1,495.0,0.1,445.5,140.0
3834,2849,2026-05-13,Hair Growth System (Device),1,495.0,0.0,495.0,140.0
3835,2850,2026-06-25,Scalp Serum,1,59.0,0.0,59.0,14.0
3836,2851,2026-04-06,Hair Growth System (Device),1,495.0,0.1,445.5,140.0
3837,2852,2026-04-24,Hair Growth System (Device),1,495.0,0.15,420.75,140.0
3838,2853,2026-07-21,Hair Growth System (Device),1,495.0,0.0,495.0,140.0
3839,2854,2026-07-14,Hair Growth System (Device),1,495.0,0.0,495.0,140.0
3840,2855,2026-06-24,Scalp Serum,1,59.0,0.0,59.0,14.0
3841,2856,2026-05-23,Hair Growth System (Device),1,495.0,0.0,495.0,140.0
3842,2857,2026-05-19,Scalp Serum,1,59.0,0.0,59.0,14.0
3843,2857,2026-06-27,Replacement Cap Pads,1,39.0,0.0,39.0,9.0
3844,2858,2026-07-18,Replacement Cap Pads,1,39.0,0.0,39.0,9.0
3845,2859,2026-01-21,Hair Growth System (Device),1,495.0,0.0,495.0,140.0
3846,2859,2026-03-21,Replacement Cap Pads,2,39.0,0.0,78.0,9.0
3847,2860,2026-01-07,Scalp Serum,1,59.0,0.0,59.0,14.0
3848,2860,2026-02-21,Scalp Serum,1,59.0,0.0,59.0,14.0
3849,2860,2026-06-05,Replacement Cap Pads,1,39.0,0.0,39.0,9.0
3850,2861,2026-01-14,Scalp Serum,1,59.0,0.0,59.0,14.0
3851,2861,2026-03-21,Scalp Serum,2,59.0,0.1,106.2,14.0
3852,2861,2026-07-18,Replacement Cap Pads,2,39.0,0.15,66.3,9.0
3853,2862,2026-06-02,Hair Growth System (Device),1,495.0,0.0,495.0,140.0
3854,2863,2026-03-06,Hair Growth System (Device),1,495.0,0.0,495.0,140.0
3855,2863,2026-04-17,Replacement Cap Pads,1,39.0,0.0,39.0,9.0
3856,2864,2026-05-22,Hair Growth System (Device),1,495.0,0.0,495.0,140.0
3857,2864,2026-07-27,Replacement Cap Pads,1,39.0,0.0,39.0,9.0
3858,2865,2026-04-18,Hair Growth System (Device),1,495.0,0.0,495.0,140.0
3859,2866,2026-01-25,Replacement Cap Pads,1,39.0,0.0,39.0,9.0
3860,2866,2026-05-21,Red Light Face Mask,1,249.0,0.0,249.0,75.0
3861,2867,2026-07-19,Hair Growth System (Device),1,495.0,0.15,420.75,140.0
3862,2868,2026-07-20,Hair Growth System (Device),1,495.0,0.1,445.5,140.0
3863,2869,2026-06-24,Hair Growth System (Device),1,495.0,0.0,495.0,140.0
3864,2870,2026-07-28,Hair Growth System (Device),1,495.0,0.0,495.0,140.0
3865,2871,2026-03-21,Hair Growth System (Device),1,495.0,0.0,495.0,140.0
3866,2872,2026-07-01,Scalp Serum,1,59.0,0.0,59.0,14.0
3867,2873,2026-07-02,Hair Growth System (Device),1,495.0,0.0,495.0,140.0
3868,2874,2026-06-18,Hair Growth System (Device),1,495.0,0.0,495.0,140.0
3869,2875,2026-06-23,Hair Growth System (Device),1,495.0,0.0,495.0,140.0
3870,2876,2026-07-26,Red Light Face Mask,1,249.0,0.1,224.1,75.0
3871,2877,2026-06-23,Red Light Face Mask,1,249.0,0.0,249.0,75.0
3872,2877,2026-07-27,Scalp Serum,1,59.0,0.0,59.0,14.0
3873,2878,2026-05-17,Hair Growth System (Device),1,495.0,0.15,420.75,140.0
3874,2879,2026-02-12,Hair Growth System (Device),1,495.0,0.0,495.0,140.0
3875,2880,2026-05-19,Replacement Cap Pads,1,39.0,0.1,35.1,9.0
3876,2881,2026-07-07,Red Light Face Mask,1,249.0,0.0,249.0,75.0
3877,2882,2026-05-30,Hair Growth System (Device),1,495.0,0.0,495.0,140.0
3878,2883,2026-03-23,Replacement Cap Pads,1,39.0,0.0,39.0,9.0
3879,2884,2026-06-21,Scalp Serum,1,59.0,0.15,50.15,14.0
3880,2885,2026-07-08,Hair Growth System (Device),1,495.0,0.0,495.0,140.0
3881,2886,2026-04-23,Hair Growth System (Device),1,495.0,0.0,495.0,140.0
3882,2886,2026-06-16,Replacement Cap Pads,1,39.0,0.0,39.0,9.0
3883,2887,2026-04-27,Hair Growth System (Device),1,495.0,0.0,495.0,140.0
3884,2888,2026-01-06,Replacement Cap Pads,1,39.0,0.0,39.0,9.0
3885,2888,2026-03-12,Red Light Face Mask,1,249.0,0.1,224.1,75.0
3886,2888,2026-04-23,Red Light Face Mask,1,249.0,0.0,249.0,75.0
3887,2888,2026-05-08,Scalp Serum,1,59.0,0.0,59.0,14.0
3888,2889,2026-04-23,Hair Growth System (Device),1,495.0,0.0,495.0,140.0
3889,2890,2026-07-05,Red Light Face Mask,1,249.0,0.0,249.0,75.0
3890,2891,2026-04-20,Hair Growth System (Device),1,495.0,0.0,495.0,140.0
3891,2892,2026-06-11,Hair Growth System (Device),1,495.0,0.0,495.0,140.0
3892,2893,2026-05-26,Hair Growth System (Device),1,495.0,0.0,495.0,140.0
3893,2893,2026-07-07,Scalp Serum,1,59.0,0.15,50.15,14.0
3894,2894,2026-06-18,Hair Growth System (Device),1,495.0,0.0,495.0,140.0
3895,2895,2026-03-08,Hair Growth System (Device),1,495.0,0.0,495.0,140.0
3896,2896,2026-04-28,Hair Growth System (Device),1,495.0,0.0,495.0,140.0
3897,2896,2026-06-17,Replacement Cap Pads,2,39.0,0.0,78.0,9.0
3898,2897,2026-04-30,Hair Growth System (Device),1,495.0,0.0,495.0,140.0
3899,2898,2026-04-05,Replacement Cap Pads,1,39.0,0.0,39.0,9.0
3900,2899,2026-04-26,Hair Growth System (Device),1,495.0,0.1,445.5,140.0
3901,2899,2026-05-21,Scalp Serum,2,59.0,0.0,118.0,14.0
3902,2899,2026-06-17,Scalp Serum,2,59.0,0.0,118.0,14.0
3903,2900,2026-06-17,Red Light Face Mask,1,249.0,0.0,249.0,75.0
3904,2901,2026-07-17,Hair Growth System (Device),1,495.0,0.0,495.0,140.0
3905,2902,2026-05-21,Hair Growth System (Device),1,495.0,0.1,445.5,140.0
3906,2903,2026-06-28,Hair Growth System (Device),1,495.0,0.1,445.5,140.0
3907,2904,2026-05-17,Hair Growth System (Device),1,495.0,0.0,495.0,140.0
3908,2905,2026-06-07,Hair Growth System (Device),1,495.0,0.0,495.0,140.0
3909,2906,2026-07-03,Scalp Serum,1,59.0,0.0,59.0,14.0
3910,2907,2026-04-14,Scalp Serum,1,59.0,0.0,59.0,14.0
3911,2908,2026-06-05,Hair Growth System (Device),1,495.0,0.0,495.0,140.0
3912,2909,2026-07-03,Hair Growth System (Device),1,495.0,0.0,495.0,140.0
3913,2910,2026-01-17,Scalp Serum,1,59.0,0.0,59.0,14.0
3914,2910,2026-02-07,Scalp Serum,1,59.0,0.1,53.1,14.0
3915,2910,2026-04-28,Red Light Face Mask,1,249.0,0.0,249.0,75.0
3916,2911,2026-05-24,Hair Growth System (Device),1,495.0,0.0,495.0,140.0
3917,2911,2026-06-09,Scalp Serum,1,59.0,0.0,59.0,14.0
3918,2911,2026-07-05,Scalp Serum,2,59.0,0.0,118.0,14.0
3919,2912,2026-07-12,Red Light Face Mask,1,249.0,0.0,249.0,75.0
3920,2913,2026-03-07,Hair Growth System (Device),1,495.0,0.0,495.0,140.0
3921,2913,2026-06-21,Scalp Serum,1,59.0,0.0,59.0,14.0
3922,2914,2026-05-02,Scalp Serum,1,59.0,0.1,53.1,14.0
3923,2914,2026-07-05,Replacement Cap Pads,1,39.0,0.0,39.0,9.0
3924,2915,2026-06-23,Scalp Serum,1,59.0,0.15,50.15,14.0
3925,2915,2026-07-24,Scalp Serum,1,59.0,0.0,59.0,14.0
3926,2916,2026-04-06,Hair Growth System (Device),1,495.0,0.15,420.75,140.0
3927,2917,2026-05-29,Replacement Cap Pads,1,39.0,0.1,35.1,9.0
3928,2917,2026-06-01,Scalp Serum,2,59.0,0.0,118.0,14.0
3929,2918,2026-07-14,Hair Growth System (Device),1,495.0,0.0,495.0,140.0
3930,2919,2026-07-29,Hair Growth System (Device),1,495.0,0.0,495.0,140.0
3931,2920,2026-06-24,Hair Growth System (Device),1,495.0,0.15,420.75,140.0
3932,2921,2026-06-13,Hair Growth System (Device),1,495.0,0.0,495.0,140.0
3933,2922,2026-04-06,Hair Growth System (Device),1,495.0,0.0,495.0,140.0
3934,2923,2026-05-21,Replacement Cap Pads,1,39.0,0.0,39.0,9.0
3935,2924,2026-05-15,Scalp Serum,1,59.0,0.0,59.0,14.0
3936,2925,2026-07-13,Hair Growth System (Device),1,495.0,0.0,495.0,140.0
3937,2926,2026-06-24,Scalp Serum,1,59.0,0.0,59.0,14.0
3938,2927,2026-05-19,Replacement Cap Pads,1,39.0,0.0,39.0,9.0
3939,2927,2026-06-04,Scalp Serum,2,59.0,0.1,106.2,14.0
3940,2928,2026-07-10,Hair Growth System (Device),1,495.0,0.1,445.5,140.0
3941,2929,2026-07-01,Replacement Cap Pads,1,39.0,0.0,39.0,9.0
3942,2930,2026-04-24,Scalp Serum,1,59.0,0.0,59.0,14.0
3943,2931,2026-05-29,Hair Growth System (Device),1,495.0,0.0,495.0,140.0
3944,2932,2026-06-26,Hair Growth System (Device),1,495.0,0.0,495.0,140.0
3945,2933,2026-05-18,Scalp Serum,1,59.0,0.0,59.0,14.0
3946,2934,2026-06-08,Red Light Face Mask,1,249.0,0.0,249.0,75.0
3947,2935,2026-06-19,Hair Growth System (Device),1,495.0,0.0,495.0,140.0
3948,2936,2026-02-13,Scalp Serum,1,59.0,0.2,47.2,14.0
3949,2937,2026-06-29,Hair Growth System (Device),1,495.0,0.15,420.75,140.0
3950,2938,2026-05-07,Hair Growth System (Device),1,495.0,0.0,495.0,140.0
3951,2939,2026-05-05,Hair Growth System (Device),1,495.0,0.2,396.0,140.0
3952,2939,2026-07-21,Red Light Face Mask,1,249.0,0.0,249.0,75.0
3953,2940,2026-02-22,Red Light Face Mask,1,249.0,0.1,224.1,75.0
3954,2941,2026-05-03,Scalp Serum,1,59.0,0.0,59.0,14.0
3955,2941,2026-06-15,Red Light Face Mask,1,249.0,0.0,249.0,75.0
3956,2941,2026-07-21,Scalp Serum,2,59.0,0.0,118.0,14.0
3957,2942,2026-04-22,Hair Growth System (Device),1,495.0,0.0,495.0,140.0
3958,2943,2026-05-13,Hair Growth System (Device),1,495.0,0.0,495.0,140.0
3959,2944,2026-05-10,Hair Growth System (Device),1,495.0,0.0,495.0,140.0
3960,2945,2026-06-10,Scalp Serum,1,59.0,0.2,47.2,14.0
3961,2946,2026-06-02,Scalp Serum,1,59.0,0.0,59.0,14.0
3962,2947,2026-07-26,Red Light Face Mask,1,249.0,0.0,249.0,75.0
3963,2948,2026-05-15,Hair Growth System (Device),1,495.0,0.0,495.0,140.0
3964,2949,2026-03-26,Replacement Cap Pads,1,39.0,0.0,39.0,9.0
3965,2950,2026-07-23,Scalp Serum,1,59.0,0.0,59.0,14.0
3966,2951,2026-07-29,Red Light Face Mask,1,249.0,0.0,249.0,75.0
3967,2952,2026-04-13,Hair Growth System (Device),1,495.0,0.0,495.0,140.0
3968,2952,2026-05-19,Scalp Serum,2,59.0,0.0,118.0,14.0
3969,2952,2026-06-16,Replacement Cap Pads,2,39.0,0.0,78.0,9.0
3970,2953,2026-07-19,Scalp Serum,1,59.0,0.2,47.2,14.0
3971,2954,2026-02-23,Hair Growth System (Device),1,495.0,0.0,495.0,140.0
3972,2954,2026-05-16,Replacement Cap Pads,1,39.0,0.0,39.0,9.0
3973,2954,2026-07-07,Scalp Serum,2,59.0,0.0,118.0,14.0
3974,2955,2026-02-26,Hair Growth System (Device),1,495.0,0.0,495.0,140.0
3975,2955,2026-05-24,Scalp Serum,1,59.0,0.15,50.15,14.0
3976,2956,2026-07-22,Hair Growth System (Device),1,495.0,0.0,495.0,140.0
3977,2957,2026-05-10,Hair Growth System (Device),1,495.0,0.0,495.0,140.0
3978,2958,2026-04-05,Hair Growth System (Device),1,495.0,0.0,495.0,140.0
3979,2959,2026-04-23,Hair Growth System (Device),1,495.0,0.1,445.5,140.0
3980,2960,2026-07-10,Scalp Serum,1,59.0,0.0,59.0,14.0
3981,2961,2026-06-10,Scalp Serum,1,59.0,0.0,59.0,14.0
3982,2961,2026-07-08,Scalp Serum,1,59.0,0.1,53.1,14.0
3983,2962,2026-04-06,Replacement Cap Pads,1,39.0,0.0,39.0,9.0
3984,2962,2026-06-05,Scalp Serum,1,59.0,0.0,59.0,14.0
3985,2962,2026-07-07,Replacement Cap Pads,1,39.0,0.0,39.0,9.0
3986,2963,2026-05-07,Replacement Cap Pads,1,39.0,0.1,35.1,9.0
3987,2963,2026-07-20,Scalp Serum,2,59.0,0.1,106.2,14.0
3988,2964,2026-01-24,Hair Growth System (Device),1,495.0,0.0,495.0,140.0
3989,2965,2026-06-03,Scalp Serum,1,59.0,0.0,59.0,14.0
3990,2966,2026-07-11,Replacement Cap Pads,1,39.0,0.15,33.15,9.0
3991,2967,2026-07-20,Red Light Face Mask,1,249.0,0.0,249.0,75.0
3992,2968,2026-05-20,Red Light Face Mask,1,249.0,0.0,249.0,75.0
3993,2969,2026-06-09,Scalp Serum,1,59.0,0.0,59.0,14.0
3994,2970,2026-03-09,Scalp Serum,1,59.0,0.0,59.0,14.0
3995,2971,2026-06-05,Hair Growth System (Device),1,495.0,0.1,445.5,140.0
3996,2972,2026-04-24,Red Light Face Mask,1,249.0,0.0,249.0,75.0
3997,2973,2026-05-07,Scalp Serum,1,59.0,0.1,53.1,14.0
3998,2974,2026-04-24,Replacement Cap Pads,1,39.0,0.0,39.0,9.0
3999,2975,2026-06-01,Red Light Face Mask,1,249.0,0.0,249.0,75.0
4000,2976,2026-06-15,Scalp Serum,1,59.0,0.2,47.2,14.0
4001,2977,2026-06-11,Hair Growth System (Device),1,495.0,0.0,495.0,140.0
4002,2978,2026-06-20,Hair Growth System (Device),1,495.0,0.0,495.0,140.0
4003,2979,2026-04-05,Red Light Face Mask,1,249.0,0.0,249.0,75.0
4004,2980,2026-04-06,Hair Growth System (Device),1,495.0,0.0,495.0,140.0
4005,2981,2026-07-03,Replacement Cap Pads,1,39.0,0.0,39.0,9.0
4006,2982,2026-05-29,Hair Growth System (Device),1,495.0,0.0,495.0,140.0
4007,2983,2026-06-14,Hair Growth System (Device),1,495.0,0.0,495.0,140.0
4008,2984,2026-05-05,Hair Growth System (Device),1,495.0,0.15,420.75,140.0
4009,2984,2026-06-25,Scalp Serum,1,59.0,0.0,59.0,14.0
4010,2985,2026-07-01,Hair Growth System (Device),1,495.0,0.0,495.0,140.0
4011,2986,2026-05-26,Hair Growth System (Device),1,495.0,0.0,495.0,140.0
4012,2986,2026-06-21,Replacement Cap Pads,1,39.0,0.0,39.0,9.0
4013,2987,2026-03-10,Replacement Cap Pads,1,39.0,0.0,39.0,9.0
4014,2988,2026-05-05,Red Light Face Mask,1,249.0,0.15,211.65,75.0
4015,2989,2026-07-17,Hair Growth System (Device),1,495.0,0.15,420.75,140.0
4016,2990,2026-02-04,Hair Growth System (Device),1,495.0,0.0,495.0,140.0
4017,2990,2026-07-18,Scalp Serum,1,59.0,0.1,53.1,14.0
4018,2991,2026-05-10,Hair Growth System (Device),1,495.0,0.0,495.0,140.0
4019,2992,2026-05-27,Red Light Face Mask,1,249.0,0.0,249.0,75.0
4020,2993,2026-03-16,Hair Growth System (Device),1,495.0,0.0,495.0,140.0
4021,2994,2026-03-13,Hair Growth System (Device),1,495.0,0.0,495.0,140.0
4022,2994,2026-05-16,Scalp Serum,1,59.0,0.0,59.0,14.0
4023,2994,2026-07-10,Scalp Serum,2,59.0,0.0,118.0,14.0
4024,2995,2026-07-20,Scalp Serum,1,59.0,0.0,59.0,14.0
4025,2996,2026-07-22,Hair Growth System (Device),1,495.0,0.0,495.0,140.0
4026,2997,2026-01-22,Hair Growth System (Device),1,495.0,0.15,420.75,140.0
4027,2998,2026-07-09,Hair Growth System (Device),1,495.0,0.0,495.0,140.0
4028,2999,2026-07-08,Scalp Serum,1,59.0,0.0,59.0,14.0
4029,3000,2026-01-27,Hair Growth System (Device),1,495.0,0.15,420.75,140.0
4030,3000,2026-04-09,Replacement Cap Pads,1,39.0,0.15,33.15,9.0
4031,3001,2026-05-05,Hair Growth System (Device),1,495.0,0.0,495.0,140.0
4032,3002,2026-04-25,Scalp Serum,1,59.0,0.0,59.0,14.0
4033,3002,2026-06-28,Scalp Serum,1,59.0,0.0,59.0,14.0
4034,3002,2026-07-18,Scalp Serum,1,59.0,0.0,59.0,14.0
4035,3003,2026-03-15,Hair Growth System (Device),1,495.0,0.0,495.0,140.0
4036,3003,2026-05-08,Scalp Serum,1,59.0,0.0,59.0,14.0
4037,3004,2026-06-05,Hair Growth System (Device),1,495.0,0.15,420.75,140.0
4038,3005,2026-05-07,Hair Growth System (Device),1,495.0,0.0,495.0,140.0
4039,3006,2026-06-28,Scalp Serum,1,59.0,0.1,53.1,14.0
4040,3007,2026-04-25,Hair Growth System (Device),1,495.0,0.0,495.0,140.0
4041,3007,2026-06-20,Red Light Face Mask,1,249.0,0.0,249.0,75.0
4042,3008,2026-04-20,Hair Growth System (Device),1,495.0,0.1,445.5,140.0
4043,3009,2026-02-19,Scalp Serum,1,59.0,0.0,59.0,14.0
4044,3010,2026-04-22,Hair Growth System (Device),1,495.0,0.0,495.0,140.0
4045,3011,2026-07-28,Hair Growth System (Device),1,495.0,0.15,420.75,140.0
4046,3012,2026-04-07,Scalp Serum,1,59.0,0.0,59.0,14.0
4047,3012,2026-07-07,Scalp Serum,1,59.0,0.0,59.0,14.0
4048,3013,2026-03-21,Hair Growth System (Device),1,495.0,0.2,396.0,140.0
4049,3014,2026-06-20,Hair Growth System (Device),1,495.0,0.1,445.5,140.0
4050,3015,2026-05-30,Hair Growth System (Device),1,495.0,0.15,420.75,140.0
4051,3015,2026-06-01,Scalp Serum,1,59.0,0.0,59.0,14.0
4052,3016,2026-05-11,Hair Growth System (Device),1,495.0,0.0,495.0,140.0
4053,3016,2026-07-23,Scalp Serum,2,59.0,0.0,118.0,14.0
4054,3017,2026-04-22,Hair Growth System (Device),1,495.0,0.0,495.0,140.0
4055,3018,2026-07-15,Scalp Serum,1,59.0,0.0,59.0,14.0
4056,3019,2026-04-06,Hair Growth System (Device),1,495.0,0.0,495.0,140.0
4057,3020,2026-01-22,Replacement Cap Pads,1,39.0,0.0,39.0,9.0
4058,3020,2026-04-08,Scalp Serum,1,59.0,0.0,59.0,14.0
4059,3021,2026-07-21,Replacement Cap Pads,1,39.0,0.0,39.0,9.0
4060,3022,2026-07-12,Scalp Serum,1,59.0,0.1,53.1,14.0
4061,3023,2026-04-09,Replacement Cap Pads,1,39.0,0.0,39.0,9.0
4062,3024,2026-06-16,Hair Growth System (Device),1,495.0,0.0,495.0,140.0
4063,3025,2026-07-23,Replacement Cap Pads,1,39.0,0.0,39.0,9.0
4064,3026,2026-06-06,Hair Growth System (Device),1,495.0,0.1,445.5,140.0
4065,3027,2026-04-24,Red Light Face Mask,1,249.0,0.2,199.2,75.0
4066,3028,2026-05-18,Hair Growth System (Device),1,495.0,0.0,495.0,140.0
4067,3028,2026-06-28,Scalp Serum,2,59.0,0.0,118.0,14.0
4068,3029,2026-04-18,Hair Growth System (Device),1,495.0,0.0,495.0,140.0
4069,3029,2026-06-10,Scalp Serum,1,59.0,0.0,59.0,14.0
4070,3030,2026-07-30,Replacement Cap Pads,1,39.0,0.0,39.0,9.0
4071,3031,2026-04-22,Red Light Face Mask,1,249.0,0.1,224.1,75.0
4072,3032,2026-07-30,Replacement Cap Pads,1,39.0,0.0,39.0,9.0
4073,3033,2026-06-09,Hair Growth System (Device),1,495.0,0.2,396.0,140.0
4074,3034,2026-04-20,Hair Growth System (Device),1,495.0,0.15,420.75,140.0
4075,3035,2026-07-05,Hair Growth System (Device),1,495.0,0.0,495.0,140.0
4076,3036,2026-06-21,Scalp Serum,1,59.0,0.0,59.0,14.0
4077,3036,2026-07-07,Replacement Cap Pads,1,39.0,0.0,39.0,9.0
4078,3037,2026-05-21,Hair Growth System (Device),1,495.0,0.2,396.0,140.0
4079,3037,2026-06-01,Scalp Serum,1,59.0,0.15,50.15,14.0
4080,3038,2026-01-11,Red Light Face Mask,1,249.0,0.0,249.0,75.0
4081,3038,2026-02-24,Scalp Serum,1,59.0,0.1,53.1,14.0
4082,3038,2026-06-14,Scalp Serum,2,59.0,0.0,118.0,14.0
4083,3039,2026-02-21,Hair Growth System (Device),1,495.0,0.0,495.0,140.0
4084,3040,2026-04-29,Scalp Serum,1,59.0,0.1,53.1,14.0
4085,3040,2026-05-15,Scalp Serum,1,59.0,0.1,53.1,14.0
4086,3041,2026-07-04,Hair Growth System (Device),1,495.0,0.1,445.5,140.0
4087,3042,2026-03-17,Hair Growth System (Device),1,495.0,0.0,495.0,140.0
4088,3042,2026-06-06,Replacement Cap Pads,1,39.0,0.0,39.0,9.0
4089,3042,2026-07-21,Scalp Serum,1,59.0,0.0,59.0,14.0
4090,3043,2026-06-15,Hair Growth System (Device),1,495.0,0.0,495.0,140.0
4091,3044,2026-02-11,Hair Growth System (Device),1,495.0,0.1,445.5,140.0
4092,3044,2026-07-23,Scalp Serum,1,59.0,0.0,59.0,14.0
4093,3045,2026-02-13,Red Light Face Mask,1,249.0,0.0,249.0,75.0
4094,3046,2026-04-18,Hair Growth System (Device),1,495.0,0.0,495.0,140.0
4095,3047,2026-07-15,Replacement Cap Pads,1,39.0,0.0,39.0,9.0
4096,3048,2026-06-13,Hair Growth System (Device),1,495.0,0.0,495.0,140.0
4097,3049,2026-05-21,Scalp Serum,1,59.0,0.0,59.0,14.0
4098,3050,2026-05-01,Hair Growth System (Device),1,495.0,0.0,495.0,140.0
4099,3051,2026-05-17,Hair Growth System (Device),1,495.0,0.1,445.5,140.0
4100,3051,2026-07-21,Red Light Face Mask,1,249.0,0.0,249.0,75.0
4101,3052,2026-03-21,Hair Growth System (Device),1,495.0,0.2,396.0,140.0
4102,3052,2026-06-15,Scalp Serum,2,59.0,0.0,118.0,14.0
4103,3053,2026-05-03,Hair Growth System (Device),1,495.0,0.0,495.0,140.0
4104,3053,2026-06-14,Replacement Cap Pads,2,39.0,0.0,78.0,9.0
4105,3053,2026-07-08,Scalp Serum,1,59.0,0.0,59.0,14.0
4106,3054,2026-05-25,Hair Growth System (Device),1,495.0,0.0,495.0,140.0
4107,3055,2026-03-26,Hair Growth System (Device),1,495.0,0.2,396.0,140.0
4108,3056,2026-07-21,Red Light Face Mask,1,249.0,0.1,224.1,75.0
4109,3057,2026-07-09,Scalp Serum,1,59.0,0.0,59.0,14.0
4110,3058,2026-05-31,Hair Growth System (Device),1,495.0,0.0,495.0,140.0
4111,3059,2026-04-08,Hair Growth System (Device),1,495.0,0.0,495.0,140.0
4112,3059,2026-06-26,Replacement Cap Pads,1,39.0,0.0,39.0,9.0
4113,3060,2026-06-29,Hair Growth System (Device),1,495.0,0.1,445.5,140.0
4114,3061,2026-03-01,Scalp Serum,1,59.0,0.0,59.0,14.0
4115,3062,2026-04-10,Hair Growth System (Device),1,495.0,0.0,495.0,140.0
4116,3062,2026-06-02,Scalp Serum,1,59.0,0.0,59.0,14.0
4117,3063,2026-06-06,Scalp Serum,1,59.0,0.0,59.0,14.0
4118,3063,2026-07-24,Replacement Cap Pads,1,39.0,0.0,39.0,9.0
4119,3064,2026-07-14,Red Light Face Mask,1,249.0,0.0,249.0,75.0
4120,3065,2026-05-26,Hair Growth System (Device),1,495.0,0.0,495.0,140.0
4121,3066,2026-04-20,Scalp Serum,1,59.0,0.0,59.0,14.0
4122,3066,2026-06-13,Red Light Face Mask,2,249.0,0.0,498.0,75.0
4123,3067,2026-04-15,Scalp Serum,1,59.0,0.0,59.0,14.0
4124,3067,2026-05-22,Scalp Serum,2,59.0,0.0,118.0,14.0
4125,3067,2026-06-28,Scalp Serum,2,59.0,0.0,118.0,14.0
4126,3068,2026-05-07,Replacement Cap Pads,1,39.0,0.0,39.0,9.0
4127,3069,2026-03-13,Hair Growth System (Device),1,495.0,0.0,495.0,140.0
4128,3070,2026-07-17,Scalp Serum,1,59.0,0.0,59.0,14.0
4129,3071,2026-05-31,Hair Growth System (Device),1,495.0,0.0,495.0,140.0
4130,3072,2026-06-14,Red Light Face Mask,1,249.0,0.0,249.0,75.0
4131,3073,2026-06-09,Hair Growth System (Device),1,495.0,0.0,495.0,140.0
4132,3074,2026-06-04,Hair Growth System (Device),1,495.0,0.0,495.0,140.0
4133,3075,2026-06-11,Scalp Serum,1,59.0,0.0,59.0,14.0
4134,3076,2026-04-24,Hair Growth System (Device),1,495.0,0.0,495.0,140.0
4135,3076,2026-05-20,Scalp Serum,2,59.0,0.0,118.0,14.0
4136,3076,2026-06-03,Scalp Serum,1,59.0,0.0,59.0,14.0
4137,3077,2026-05-17,Hair Growth System (Device),1,495.0,0.0,495.0,140.0
4138,3078,2026-06-17,Scalp Serum,1,59.0,0.2,47.2,14.0
4139,3079,2026-07-17,Hair Growth System (Device),1,495.0,0.0,495.0,140.0
4140,3080,2026-04-19,Scalp Serum,1,59.0,0.0,59.0,14.0
4141,3080,2026-07-11,Red Light Face Mask,1,249.0,0.1,224.1,75.0
4142,3081,2026-07-01,Replacement Cap Pads,1,39.0,0.0,39.0,9.0
4143,3082,2026-05-19,Replacement Cap Pads,1,39.0,0.1,35.1,9.0
4144,3082,2026-07-01,Replacement Cap Pads,2,39.0,0.0,78.0,9.0
4145,3083,2026-03-18,Red Light Face Mask,1,249.0,0.0,249.0,75.0
4146,3084,2026-07-20,Hair Growth System (Device),1,495.0,0.1,445.5,140.0
4147,3085,2026-06-07,Replacement Cap Pads,1,39.0,0.0,39.0,9.0
4148,3085,2026-07-20,Scalp Serum,1,59.0,0.0,59.0,14.0
4149,3086,2026-07-19,Hair Growth System (Device),1,495.0,0.0,495.0,140.0
4150,3087,2026-06-15,Hair Growth System (Device),1,495.0,0.0,495.0,140.0
4151,3088,2026-07-01,Red Light Face Mask,1,249.0,0.15,211.65,75.0
4152,3089,2026-05-15,Scalp Serum,1,59.0,0.0,59.0,14.0
4153,3090,2026-04-24,Replacement Cap Pads,1,39.0,0.0,39.0,9.0
4154,3090,2026-07-21,Scalp Serum,1,59.0,0.1,53.1,14.0
4155,3091,2026-04-01,Scalp Serum,1,59.0,0.0,59.0,14.0
4156,3092,2026-07-24,Hair Growth System (Device),1,495.0,0.0,495.0,140.0
4157,3093,2026-06-12,Red Light Face Mask,1,249.0,0.1,224.1,75.0
4158,3094,2026-05-10,Hair Growth System (Device),1,495.0,0.0,495.0,140.0
4159,3094,2026-07-19,Scalp Serum,1,59.0,0.0,59.0,14.0
4160,3095,2026-06-11,Hair Growth System (Device),1,495.0,0.15,420.75,140.0
4161,3096,2026-04-26,Scalp Serum,1,59.0,0.0,59.0,14.0
4162,3097,2026-07-19,Scalp Serum,1,59.0,0.0,59.0,14.0
4163,3098,2026-05-18,Scalp Serum,1,59.0,0.0,59.0,14.0
4164,3098,2026-06-16,Replacement Cap Pads,1,39.0,0.0,39.0,9.0
4165,3098,2026-07-13,Red Light Face Mask,2,249.0,0.0,498.0,75.0
4166,3099,2026-03-31,Red Light Face Mask,1,249.0,0.1,224.1,75.0
4167,3099,2026-04-05,Scalp Serum,1,59.0,0.0,59.0,14.0
4168,3100,2026-06-30,Hair Growth System (Device),1,495.0,0.2,396.0,140.0
4169,3101,2026-06-02,Scalp Serum,1,59.0,0.0,59.0,14.0
4170,3101,2026-07-15,Scalp Serum,1,59.0,0.0,59.0,14.0
4171,3102,2026-03-08,Scalp Serum,1,59.0,0.1,53.1,14.0
4172,3102,2026-04-10,Scalp Serum,1,59.0,0.0,59.0,14.0
4173,3103,2026-04-21,Replacement Cap Pads,1,39.0,0.15,33.15,9.0
4174,3103,2026-07-08,Replacement Cap Pads,1,39.0,0.15,33.15,9.0
4175,3104,2026-04-24,Scalp Serum,1,59.0,0.2,47.2,14.0
4176,3104,2026-07-21,Replacement Cap Pads,1,39.0,0.0,39.0,9.0
4177,3105,2026-07-03,Red Light Face Mask,1,249.0,0.0,249.0,75.0
4178,3106,2026-03-21,Hair Growth System (Device),1,495.0,0.0,495.0,140.0
4179,3107,2026-07-03,Hair Growth System (Device),1,495.0,0.0,495.0,140.0
4180,3108,2026-07-26,Red Light Face Mask,1,249.0,0.0,249.0,75.0
4181,3109,2026-01-18,Hair Growth System (Device),1,495.0,0.0,495.0,140.0
4182,3109,2026-07-05,Replacement Cap Pads,1,39.0,0.0,39.0,9.0
4183,3110,2026-04-06,Scalp Serum,1,59.0,0.0,59.0,14.0
4184,3111,2026-06-30,Red Light Face Mask,1,249.0,0.0,249.0,75.0
4185,3112,2026-04-25,Hair Growth System (Device),1,495.0,0.0,495.0,140.0
4186,3113,2026-07-13,Scalp Serum,1,59.0,0.0,59.0,14.0
4187,3114,2026-04-19,Red Light Face Mask,1,249.0,0.0,249.0,75.0
4188,3115,2026-06-30,Hair Growth System (Device),1,495.0,0.0,495.0,140.0
4189,3115,2026-07-12,Scalp Serum,1,59.0,0.15,50.15,14.0
4190,3116,2026-03-01,Hair Growth System (Device),1,495.0,0.0,495.0,140.0
4191,3116,2026-07-07,Scalp Serum,1,59.0,0.0,59.0,14.0
4192,3117,2026-05-01,Scalp Serum,1,59.0,0.0,59.0,14.0
4193,3118,2026-06-17,Hair Growth System (Device),1,495.0,0.0,495.0,140.0
4194,3119,2026-06-27,Replacement Cap Pads,1,39.0,0.0,39.0,9.0
4195,3120,2026-05-19,Hair Growth System (Device),1,495.0,0.0,495.0,140.0
4196,3121,2026-04-29,Red Light Face Mask,1,249.0,0.0,249.0,75.0
4197,3121,2026-05-14,Red Light Face Mask,1,249.0,0.0,249.0,75.0
4198,3121,2026-06-16,Scalp Serum,1,59.0,0.0,59.0,14.0
4199,3122,2026-07-17,Hair Growth System (Device),1,495.0,0.0,495.0,140.0
4200,3123,2026-01-19,Hair Growth System (Device),1,495.0,0.0,495.0,140.0
4201,3123,2026-03-13,Red Light Face Mask,1,249.0,0.0,249.0,75.0
4202,3124,2026-07-24,Hair Growth System (Device),1,495.0,0.15,420.75,140.0
4203,3125,2026-03-24,Hair Growth System (Device),1,495.0,0.15,420.75,140.0
4204,3125,2026-04-09,Replacement Cap Pads,1,39.0,0.0,39.0,9.0
4205,3126,2026-04-23,Hair Growth System (Device),1,495.0,0.0,495.0,140.0
4206,3126,2026-06-12,Replacement Cap Pads,1,39.0,0.1,35.1,9.0
4207,3126,2026-07-26,Scalp Serum,1,59.0,0.15,50.15,14.0
4208,3127,2026-07-25,Replacement Cap Pads,1,39.0,0.0,39.0,9.0
4209,3128,2026-01-12,Hair Growth System (Device),1,495.0,0.0,495.0,140.0
4210,3128,2026-05-08,Replacement Cap Pads,1,39.0,0.0,39.0,9.0
4211,3129,2026-04-07,Hair Growth System (Device),1,495.0,0.0,495.0,140.0
4212,3130,2026-04-19,Replacement Cap Pads,1,39.0,0.0,39.0,9.0
4213,3131,2026-06-18,Replacement Cap Pads,1,39.0,0.0,39.0,9.0
4214,3132,2026-03-31,Scalp Serum,1,59.0,0.2,47.2,14.0
4215,3132,2026-05-04,Replacement Cap Pads,2,39.0,0.0,78.0,9.0
4216,3133,2026-04-25,Red Light Face Mask,1,249.0,0.0,249.0,75.0
4217,3134,2026-05-13,Hair Growth System (Device),1,495.0,0.15,420.75,140.0
4218,3134,2026-06-03,Scalp Serum,1,59.0,0.0,59.0,14.0
4219,3135,2026-03-07,Hair Growth System (Device),1,495.0,0.0,495.0,140.0
4220,3136,2026-07-03,Hair Growth System (Device),1,495.0,0.15,420.75,140.0
4221,3137,2026-05-01,Hair Growth System (Device),1,495.0,0.0,495.0,140.0
4222,3138,2026-05-24,Red Light Face Mask,1,249.0,0.0,249.0,75.0
4223,3139,2026-06-26,Hair Growth System (Device),1,495.0,0.0,495.0,140.0
4224,3140,2026-05-27,Replacement Cap Pads,1,39.0,0.0,39.0,9.0
4225,3141,2026-05-16,Scalp Serum,1,59.0,0.0,59.0,14.0
4226,3142,2026-05-31,Hair Growth System (Device),1,495.0,0.0,495.0,140.0
4227,3142,2026-06-13,Replacement Cap Pads,1,39.0,0.0,39.0,9.0
4228,3143,2026-02-22,Hair Growth System (Device),1,495.0,0.0,495.0,140.0
4229,3143,2026-06-12,Replacement Cap Pads,2,39.0,0.15,66.3,9.0
4230,3143,2026-07-02,Scalp Serum,2,59.0,0.0,118.0,14.0
4231,3144,2026-05-13,Hair Growth System (Device),1,495.0,0.0,495.0,140.0
4232,3145,2026-07-21,Hair Growth System (Device),1,495.0,0.0,495.0,140.0
4233,3146,2026-05-04,Hair Growth System (Device),1,495.0,0.0,495.0,140.0
4234,3147,2026-05-16,Scalp Serum,1,59.0,0.2,47.2,14.0
4235,3147,2026-06-28,Replacement Cap Pads,1,39.0,0.0,39.0,9.0
4236,3148,2026-04-06,Hair Growth System (Device),1,495.0,0.0,495.0,140.0
4237,3149,2026-06-15,Scalp Serum,1,59.0,0.1,53.1,14.0
4238,3150,2026-01-30,Hair Growth System (Device),1,495.0,0.1,445.5,140.0
4239,3151,2026-03-05,Hair Growth System (Device),1,495.0,0.0,495.0,140.0
4240,3152,2026-07-04,Hair Growth System (Device),1,495.0,0.0,495.0,140.0
4241,3153,2026-06-01,Hair Growth System (Device),1,495.0,0.0,495.0,140.0
4242,3154,2026-03-25,Hair Growth System (Device),1,495.0,0.0,495.0,140.0
4243,3154,2026-05-25,Replacement Cap Pads,2,39.0,0.1,70.2,9.0
4244,3154,2026-06-14,Scalp Serum,1,59.0,0.0,59.0,14.0
4245,3155,2026-04-12,Hair Growth System (Device),1,495.0,0.0,495.0,140.0
4246,3156,2026-05-02,Hair Growth System (Device),1,495.0,0.15,420.75,140.0
4247,3157,2026-07-24,Red Light Face Mask,1,249.0,0.0,249.0,75.0
4248,3158,2026-07-24,Hair Growth System (Device),1,495.0,0.0,495.0,140.0
4249,3159,2026-05-27,Replacement Cap Pads,1,39.0,0.0,39.0,9.0
4250,3160,2026-04-12,Hair Growth System (Device),1,495.0,0.0,495.0,140.0
4251,3160,2026-07-13,Scalp Serum,2,59.0,0.0,118.0,14.0
4252,3161,2026-04-21,Hair Growth System (Device),1,495.0,0.0,495.0,140.0
4253,3162,2026-06-20,Hair Growth System (Device),1,495.0,0.0,495.0,140.0
4254,3162,2026-07-09,Scalp Serum,1,59.0,0.0,59.0,14.0
4255,3163,2026-04-20,Hair Growth System (Device),1,495.0,0.1,445.5,140.0
4256,3163,2026-06-11,Scalp Serum,1,59.0,0.0,59.0,14.0
4257,3163,2026-07-24,Red Light Face Mask,1,249.0,0.0,249.0,75.0
4258,3164,2026-06-29,Scalp Serum,1,59.0,0.0,59.0,14.0
4259,3164,2026-07-13,Replacement Cap Pads,2,39.0,0.0,78.0,9.0
4260,3165,2026-01-26,Hair Growth System (Device),1,495.0,0.0,495.0,140.0
4261,3165,2026-04-25,Replacement Cap Pads,1,39.0,0.0,39.0,9.0
4262,3165,2026-07-10,Replacement Cap Pads,1,39.0,0.0,39.0,9.0
4263,3166,2026-03-24,Scalp Serum,1,59.0,0.0,59.0,14.0
4264,3166,2026-05-23,Replacement Cap Pads,1,39.0,0.0,39.0,9.0
4265,3167,2026-04-04,Scalp Serum,1,59.0,0.0,59.0,14.0
4266,3167,2026-07-23,Replacement Cap Pads,1,39.0,0.0,39.0,9.0
4267,3168,2026-05-01,Hair Growth System (Device),1,495.0,0.1,445.5,140.0
4268,3169,2026-04-21,Hair Growth System (Device),1,495.0,0.0,495.0,140.0
4269,3169,2026-06-02,Scalp Serum,1,59.0,0.0,59.0,14.0
4270,3170,2026-06-20,Hair Growth System (Device),1,495.0,0.0,495.0,140.0
4271,3171,2026-03-06,Red Light Face Mask,1,249.0,0.2,199.2,75.0
4272,3171,2026-04-22,Scalp Serum,1,59.0,0.0,59.0,14.0
4273,3171,2026-07-21,Scalp Serum,1,59.0,0.0,59.0,14.0
4274,3172,2026-05-27,Hair Growth System (Device),1,495.0,0.15,420.75,140.0
4275,3173,2026-04-15,Hair Growth System (Device),1,495.0,0.0,495.0,140.0
4276,3174,2026-05-13,Hair Growth System (Device),1,495.0,0.0,495.0,140.0
4277,3175,2026-03-11,Scalp Serum,1,59.0,0.0,59.0,14.0
4278,3176,2026-05-14,Hair Growth System (Device),1,495.0,0.0,495.0,140.0
4279,3177,2026-06-08,Red Light Face Mask,1,249.0,0.0,249.0,75.0
4280,3178,2026-07-09,Hair Growth System (Device),1,495.0,0.0,495.0,140.0
4281,3179,2026-03-28,Red Light Face Mask,1,249.0,0.0,249.0,75.0
4282,3179,2026-04-27,Scalp Serum,2,59.0,0.0,118.0,14.0
4283,3179,2026-05-08,Red Light Face Mask,2,249.0,0.0,498.0,75.0
4284,3180,2026-04-16,Hair Growth System (Device),1,495.0,0.1,445.5,140.0
4285,3180,2026-05-23,Scalp Serum,1,59.0,0.0,59.0,14.0
4286,3181,2026-05-26,Hair Growth System (Device),1,495.0,0.0,495.0,140.0
4287,3181,2026-06-22,Replacement Cap Pads,2,39.0,0.0,78.0,9.0
4288,3181,2026-07-26,Scalp Serum,1,59.0,0.1,53.1,14.0
4289,3182,2026-04-12,Scalp Serum,1,59.0,0.0,59.0,14.0
4290,3183,2026-04-28,Scalp Serum,1,59.0,0.0,59.0,14.0
4291,3184,2026-04-30,Scalp Serum,1,59.0,0.15,50.15,14.0
4292,3185,2026-01-16,Replacement Cap Pads,1,39.0,0.0,39.0,9.0
4293,3185,2026-04-25,Scalp Serum,1,59.0,0.0,59.0,14.0
4294,3185,2026-05-28,Red Light Face Mask,1,249.0,0.0,249.0,75.0
4295,3186,2026-07-08,Hair Growth System (Device),1,495.0,0.0,495.0,140.0
4296,3187,2026-06-20,Hair Growth System (Device),1,495.0,0.0,495.0,140.0
4297,3188,2026-06-01,Scalp Serum,1,59.0,0.0,59.0,14.0
4298,3189,2026-03-02,Hair Growth System (Device),1,495.0,0.0,495.0,140.0
4299,3189,2026-04-26,Replacement Cap Pads,1,39.0,0.0,39.0,9.0
4300,3190,2026-05-10,Replacement Cap Pads,1,39.0,0.0,39.0,9.0
4301,3190,2026-06-04,Scalp Serum,1,59.0,0.0,59.0,14.0
4302,3191,2026-07-02,Red Light Face Mask,1,249.0,0.0,249.0,75.0
4303,3192,2026-07-28,Hair Growth System (Device),1,495.0,0.15,420.75,140.0
4304,3193,2026-03-29,Hair Growth System (Device),1,495.0,0.0,495.0,140.0
4305,3194,2026-07-02,Hair Growth System (Device),1,495.0,0.0,495.0,140.0
4306,3195,2026-04-25,Red Light Face Mask,1,249.0,0.15,211.65,75.0
4307,3196,2026-07-22,Red Light Face Mask,1,249.0,0.0,249.0,75.0
4308,3197,2026-06-15,Hair Growth System (Device),1,495.0,0.15,420.75,140.0
4309,3198,2026-03-21,Hair Growth System (Device),1,495.0,0.0,495.0,140.0
4310,3199,2026-06-15,Scalp Serum,1,59.0,0.2,47.2,14.0
4311,3199,2026-07-01,Replacement Cap Pads,1,39.0,0.0,39.0,9.0
4312,3200,2026-04-16,Replacement Cap Pads,1,39.0,0.0,39.0,9.0
4313,3200,2026-06-02,Replacement Cap Pads,1,39.0,0.0,39.0,9.0
